user,date,rawContent,user_location,verified,followers,created
"{'username': 'Maqsoodtufail23', 'id': 2994041214, 'displayname': 'Maqsood tufail', 'rawDescription': '', 'renderedDescription': '', 'descriptionLinks': None, 'verified': False, 'created': datetime.datetime(2015, 1, 24, 3, 3, 56, tzinfo=datetime.timezone.utc), 'followersCount': 40, 'friendsCount': 94, 'statusesCount': 1033, 'favouritesCount': 1570, 'listedCount': 0, 'mediaCount': 51, 'location': '', 'protected': False, 'link': None, 'profileImageUrl': 'https://pbs.twimg.com/profile_images/1185108281376825345/I6Ro_W76_normal.jpg', 'profileBannerUrl': 'https://pbs.twimg.com/profile_banners/2994041214/1422090396', 'label': None}",2021-01-10 21:16:33+00:00,Boycott co****na old voice pe caller tune deserve #SonuSood  voice free,,False,40,2015-01-24 03:03:56+00:00
"{'username': 'aktalwar', 'id': 244379465, 'displayname': 'aj', 'rawDescription': 'Do good.. Anyway.. Always', 'renderedDescription': 'Do good.. Anyway.. Always', 'descriptionLinks': None, 'verified': False, 'created': datetime.datetime(2011, 1, 29, 5, 11, 52, tzinfo=datetime.timezone.utc), 'followersCount': 17, 'friendsCount': 56, 'statusesCount': 884, 'favouritesCount': 320, 'listedCount': 0, 'mediaCount': 31, 'location': '.. never been born..Heavenly', 'protected': False, 'link': None, 'profileImageUrl': 'https://pbs.twimg.com/profile_images/1507013719351455744/aOf0M9V__normal.jpg', 'profileBannerUrl': 'https://pbs.twimg.com/profile_banners/244379465/1379136439', 'label': None}",2021-01-10 18:49:13+00:00,And if the country's pilot is an idiot.. He should be sacked too.. The issue is not @bjp..the issue is cowardice of Go Air.. Best to boycott the airlines.,.. never been born..Heavenly,False,17,2011-01-29 05:11:52+00:00
"{'username': 'mahek108', 'id': 984703650, 'displayname': 'Mahek Mehta', 'rawDescription': 'Serving clients globally with highly reliable, safe and #IoT enabled #Electrical & #Automation solutions indigenously designed & manufactured from Bharat.', 'renderedDescription': 'Serving clients globally with highly reliable, safe and #IoT enabled #Electrical & #Automation solutions indigenously designed & manufactured from Bharat.', 'descriptionLinks': None, 'verified': False, 'created': datetime.datetime(2012, 12, 2, 14, 22, 48, tzinfo=datetime.timezone.utc), 'followersCount': 1393, 'friendsCount': 5006, 'statusesCount': 40240, 'favouritesCount': 103638, 'listedCount': 58, 'mediaCount': 2250, 'location': 'Goa, India', 'protected': False, 'link': {'text': 'marineelectricals.com', 'url': 'http://www.marineelectricals.com', 'tcourl': 'https://t.co/lXKW4dHoFY', 'indices': (0, 23)}, 'profileImageUrl': 'https://pbs.twimg.com/profile_images/1279437550856306688/OCYDiwKb_normal.jpg', 'profileBannerUrl': 'https://pbs.twimg.com/profile_banners/984703650/1581939776', 'label': None}",2021-01-10 15:21:57+00:00,"Hey, @WhatsApp @Facebook @instagram take a step back to avoid mass boycott. 

High time now of its already late for us to uninstall these 3 crap apps. https://t.co/iqvJSOVndv","Goa, India",False,1393,2012-12-02 14:22:48+00:00
"{'username': 'anandbaraddi', 'id': 774881744986206209, 'displayname': 'Andiya 24', 'rawDescription': '', 'renderedDescription': '', 'descriptionLinks': None, 'verified': False, 'created': datetime.datetime(2016, 9, 11, 8, 6, 19, tzinfo=datetime.timezone.utc), 'followersCount': 26, 'friendsCount': 98, 'statusesCount': 83, 'favouritesCount': 36, 'listedCount': 0, 'mediaCount': 5, 'location': 'Basaveshwara Nagar, Bengaluru', 'protected': False, 'link': None, 'profileImageUrl': 'https://pbs.twimg.com/profile_images/1068275146174029824/NfMhgjHO_normal.jpg', 'profileBannerUrl': 'https://pbs.twimg.com/profile_banners/774881744986206209/1543581205', 'label': None}",2021-01-10 15:19:43+00:00,@Dream11 @Sathish08445106 They will never change better to boycott @Dream11,"Basaveshwara Nagar, Bengaluru",False,26,2016-09-11 08:06:19+00:00
"{'username': 'abhinav_gkp', 'id': 3150497166, 'displayname': 'Abhinav Kumar', 'rawDescription': '', 'renderedDescription': '', 'descriptionLinks': None, 'verified': False, 'created': datetime.datetime(2015, 4, 11, 22, 43, 31, tzinfo=datetime.timezone.utc), 'followersCount': 1124, 'friendsCount': 2797, 'statusesCount': 74943, 'favouritesCount': 79623, 'listedCount': 0, 'mediaCount': 2207, 'location': '', 'protected': False, 'link': None, 'profileImageUrl': 'https://pbs.twimg.com/profile_images/1554745102601539587/5VKx3UfO_normal.jpg', 'profileBannerUrl': 'https://pbs.twimg.com/profile_banners/3150497166/1659338524', 'label': None}",2021-01-10 11:00:02+00:00,"@BCCI
@ICCMediaComms

Avoid playing with Australia or simply boycott.

https://t.co/1Fh0qk3ogT",,False,1124,2015-04-11 22:43:31+00:00
"{'username': 'ChanderUttamch1', 'id': 1168833950271164418, 'displayname': 'Chander Uttamchandani', 'rawDescription': 'Financial Consultant for mutual funds, LIC n General Insurance, Fixed Deposits and NCD issues', 'renderedDescription': 'Financial Consultant for mutual funds, LIC n General Insurance, Fixed Deposits and NCD issues', 'descriptionLinks': None, 'verified': False, 'created': datetime.datetime(2019, 9, 3, 10, 32, 31, tzinfo=datetime.timezone.utc), 'followersCount': 6, 'friendsCount': 20, 'statusesCount': 4002, 'favouritesCount': 2658, 'listedCount': 0, 'mediaCount': 65, 'location': '', 'protected': False, 'link': None, 'profileImageUrl': 'https://abs.twimg.com/sticky/default_profile_images/default_profile_normal.png', 'profileBannerUrl': None, 'label': None}",2021-01-10 10:28:26+00:00,@ThePushpendraK Sure will boycott,,False,6,2019-09-03 10:32:31+00:00
"{'username': 'niranjanparihar', 'id': 106455986, 'displayname': 'Niranjan Parihar üáÆüá≥', 'rawDescription': 'Political Analyst @Oneindia | Former @TV9Bharatvarsh | @IndiaNews | @IBN7Media | @SAHARASAMAY1 @Jansatta | @NavbharatTimes', 'renderedDescription': 'Political Analyst @Oneindia | Former @TV9Bharatvarsh | @IndiaNews | @IBN7Media | @SAHARASAMAY1 @Jansatta | @NavbharatTimes', 'descriptionLinks': None, 'verified': False, 'created': datetime.datetime(2010, 1, 19, 16, 29, 56, tzinfo=datetime.timezone.utc), 'followersCount': 7190, 'friendsCount': 3494, 'statusesCount': 5071, 'favouritesCount': 5185, 'listedCount': 5, 'mediaCount': 767, 'location': 'Jaipur, India ', 'protected': False, 'link': {'text': 'hindi.oneindia.com/authors/niranj‚Ä¶', 'url': 'https://hindi.oneindia.com/authors/niranjanparihar.html', 'tcourl': 'https://t.co/ZJzcioo1EE', 'indices': (0, 23)}, 'profileImageUrl': 'https://pbs.twimg.com/profile_images/1568268188349255680/zPvPisYs_normal.jpg', 'profileBannerUrl': 'https://pbs.twimg.com/profile_banners/106455986/1668001648', 'label': None}",2021-01-10 07:55:35+00:00,"@SWAMIRAMDEO ‡§ï‡•á ‡§™‡•ç‡§∞‡§§‡§ø ‡§ú‡•ã ‡§≤‡•ã‡§ó ‡§™‡§∞‡§Æ #biased ‡§π‡•à‡§Ç, ‡§ï‡•É‡§™‡§Ø‡§æ ‡§µ‡•á ‡§≤‡•ã‡§ó ‡§≠‡•Ä @ABPNews  ‡§ï‡•á ‡§á‡§∏ #programm ‡§ï‡•ã ‡§Ö‡§µ‡§∂‡•ç‡§Ø ‡§¶‡•á‡§ñ‡•á‡§Ç, ‡§§‡§æ‡§ï‡§ø ‡§â‡§®‡§ï‡•ã #Boycott_Patanjali ‡§∏‡•á ‡§õ‡•Å‡§ü‡§ï‡§æ‡§∞‡§æ ‡§Æ‡§ø‡§≤‡•á ‡§î‡§∞ #Patanjali ‡§ï‡•Ä #development ‡§Ø‡§æ‡§§‡•ç‡§∞‡§æ ‡§∏‡•á ‡§ï‡•Å‡§õ ‡§∏‡•Ä‡§ñ‡§®‡•á ‡§ï‡•ã ‡§Æ‡§ø‡§≤‡•á‡•§ #abpnews @awasthis","Jaipur, India ",False,7190,2010-01-19 16:29:56+00:00
"{'username': 'trippyankit', 'id': 92961483, 'displayname': 'Ankit Tak', 'rawDescription': 'Excursionist üáÆüá≥ üáπüá≠, Masculinist, Content Creator, Youtuber üé•, Music Curator, Tripping Enthusiast.', 'renderedDescription': 'Excursionist üáÆüá≥ üáπüá≠, Masculinist, Content Creator, Youtuber üé•, Music Curator, Tripping Enthusiast.', 'descriptionLinks': None, 'verified': False, 'created': datetime.datetime(2009, 11, 27, 12, 41, 22, tzinfo=datetime.timezone.utc), 'followersCount': 184, 'friendsCount': 482, 'statusesCount': 18139, 'favouritesCount': 16614, 'listedCount': 4, 'mediaCount': 583, 'location': 'Bengaluru North ', 'protected': False, 'link': {'text': 'youtube.com/c/TrippyAnkit', 'url': 'https://youtube.com/c/TrippyAnkit', 'tcourl': 'https://t.co/Ha4JQhdqwO', 'indices': (0, 23)}, 'profileImageUrl': 'https://pbs.twimg.com/profile_images/1402273795453468679/AbWzvbWz_normal.jpg', 'profileBannerUrl': 'https://pbs.twimg.com/profile_banners/92961483/1612539372', 'label': None}",2021-01-10 07:40:30+00:00,"I will hereby boycott idiot airline @goairlinesindia company‚Äôs should not invade someone‚Äôs social media life. There is no mention of Go Air in that tweet. 

You can‚Äôt force someone to change his/her personal views. If that is so, we will force you to shutdown. 

#boycottgoair",Bengaluru North ,False,184,2009-11-27 12:41:22+00:00
"{'username': 'jaggirm', 'id': 502806104, 'displayname': 'üíùüåπüíñjaggirmRanbirüíñüåπüíù', 'rawDescription': '2morrow is never promised ,love & appreciate people in ur life 2day #TmSiLFriends #CANDOST  #Tmsofia #PRINCESSE #TmGriffins #friends4ever  #GAINWITHLIONS', 'renderedDescription': '2morrow is never promised ,love & appreciate people in ur life 2day #TmSiLFriends #CANDOST  #Tmsofia #PRINCESSE #TmGriffins #friends4ever  #GAINWITHLIONS', 'descriptionLinks': None, 'verified': False, 'created': datetime.datetime(2012, 2, 25, 10, 22, 25, tzinfo=datetime.timezone.utc), 'followersCount': 364466, 'friendsCount': 347237, 'statusesCount': 127915, 'favouritesCount': 37576, 'listedCount': 90, 'mediaCount': 66836, 'location': 'mumbai', 'protected': False, 'link': None, 'profileImageUrl': 'https://pbs.twimg.com/profile_images/1377712714122887169/_HCoTaFN_normal.jpg', 'profileBannerUrl': 'https://pbs.twimg.com/profile_banners/502806104/1667929349', 'label': None}",2021-01-10 06:29:57+00:00,"Apple Amazon suspend parler social network from application store and web hosting, The CEO of Parler is currently asking all its users to boycott  Amazon Apple and Google and harass their customer service representatives this will get them back in good standing in no time https://t.co/VCBVyqyrC8",mumbai,False,364466,2012-02-25 10:22:25+00:00
"{'username': 'Subhankar553', 'id': 4026424698, 'displayname': 'Mr.SUBHANKAR MONDAL', 'rawDescription': ""üßë\u200düéì\nI'm Mechanical Engineer üë∑üßë\u200düîß.\nCo-owner Of Maa Laxmi Enterprise(https://t.co/yssL9KCuf2). \nPart Time Memer"", 'renderedDescription': ""üßë\u200düéì\nI'm Mechanical Engineer üë∑üßë\u200düîß.\nCo-owner Of Maa Laxmi Enterprise(facebook.com/MaaLaxmiEnterp‚Ä¶). \nPart Time Memer"", 'descriptionLinks': [{'text': 'facebook.com/MaaLaxmiEnterp‚Ä¶', 'url': 'https://www.facebook.com/MaaLaxmiEnterprise2016/', 'tcourl': 'https://t.co/yssL9KCuf2', 'indices': (67, 90)}], 'verified': False, 'created': datetime.datetime(2015, 10, 26, 17, 11, 49, tzinfo=datetime.timezone.utc), 'followersCount': 14, 'friendsCount': 285, 'statusesCount': 196, 'favouritesCount': 372, 'listedCount': 2, 'mediaCount': 55, 'location': 'Nandigram', 'protected': False, 'link': {'text': 'facebook.com/Subhankar553', 'url': 'https://www.facebook.com/Subhankar553', 'tcourl': 'https://t.co/ryqXhOcYxl', 'indices': (0, 23)}, 'profileImageUrl': 'https://pbs.twimg.com/profile_images/1070377152355348480/owCovh38_normal.jpg', 'profileBannerUrl': 'https://pbs.twimg.com/profile_banners/4026424698/1592115910', 'label': None}",2021-01-10 05:42:01+00:00,"@elonmusk Of course Sir.
Use Signal. It's better than WhatsApp Messenger. It's privacy is secure than WhatsApp.
#Boycott_Whatsapp
#Boycott_Facebook",Nandigram,False,14,2015-10-26 17:11:49+00:00
"{'username': 'AmreliaRuhez', 'id': 2999018286, 'displayname': 'Techno Ruhez', 'rawDescription': 'Tech Enthusiast, One of the Top 10 Tech YouTubers in India !\n\nFor Business Enquiries: technoreviewww@gmail.com', 'renderedDescription': 'Tech Enthusiast, One of the Top 10 Tech YouTubers in India !\n\nFor Business Enquiries: technoreviewww@gmail.com', 'descriptionLinks': None, 'verified': True, 'created': datetime.datetime(2015, 1, 28, 6, 22, 25, tzinfo=datetime.timezone.utc), 'followersCount': 473183, 'friendsCount': 17, 'statusesCount': 12255, 'favouritesCount': 5693, 'listedCount': 195, 'mediaCount': 9399, 'location': 'Mumbai, India', 'protected': False, 'link': {'text': 'youtube.com/technoruhez', 'url': 'http://www.youtube.com/technoruhez', 'tcourl': 'https://t.co/Dwh5ag9432', 'indices': (0, 23)}, 'profileImageUrl': 'https://pbs.twimg.com/profile_images/1402314966145724419/nnMwekXu_normal.jpg', 'profileBannerUrl': 'https://pbs.twimg.com/profile_banners/2999018286/1623172947', 'label': None}",2021-01-10 05:34:29+00:00,"#AskRuhez - Boycott WhatsApp,Mini LED vs OLED,New Setup Opening,realme X7 Pro Price,Lava MY Z Phone
https://t.co/7ENmrnY80Y https://t.co/n4yKWCaCRv","Mumbai, India",True,473183,2015-01-28 06:22:25+00:00
"{'username': 'nekzaad', 'id': 108828876, 'displayname': 'Nick', 'rawDescription': 'Formula1 Fanatic, Dog lover, Travel-slut, Cruise-addict, Foodie, Travel hacking üáÆüá≥', 'renderedDescription': 'Formula1 Fanatic, Dog lover, Travel-slut, Cruise-addict, Foodie, Travel hacking üáÆüá≥', 'descriptionLinks': None, 'verified': False, 'created': datetime.datetime(2010, 1, 27, 4, 8, 25, tzinfo=datetime.timezone.utc), 'followersCount': 731, 'friendsCount': 1156, 'statusesCount': 22164, 'favouritesCount': 78282, 'listedCount': 21, 'mediaCount': 1017, 'location': 'Mumbai, India', 'protected': False, 'link': None, 'profileImageUrl': 'https://pbs.twimg.com/profile_images/1582272131114541057/rq-C2pry_normal.jpg', 'profileBannerUrl': 'https://pbs.twimg.com/profile_banners/108828876/1531470183', 'label': None}",2021-01-10 02:18:47+00:00,"@TheAngryLord @narendramodi They can try to, and it will be the end of twitter. People would boycott any brands that even have a twitter handle. They‚Äôd hit twitter where it hurts - their revenue streamüòÜüòÜ","Mumbai, India",False,731,2010-01-27 04:08:25+00:00
"{'username': 'manhas_viki', 'id': 1230923410693328896, 'displayname': 'Bharat Jodo üáÆüá≥', 'rawDescription': 'Congressman | Politics | Maharashtra Pune | Member of @UWC | Member of @incindia | Nation Campaign Member, INC | https://t.co/IqQJ1yOv9l', 'renderedDescription': 'Congressman | Politics | Maharashtra Pune | Member of @UWC | Member of @incindia | Nation Campaign Member, INC | youtube.com/@BollywoodGoss‚Ä¶', 'descriptionLinks': [{'text': 'youtube.com/@BollywoodGoss‚Ä¶', 'url': 'http://youtube.com/@BollywoodGossips', 'tcourl': 'https://t.co/IqQJ1yOv9l', 'indices': (113, 136)}], 'verified': False, 'created': datetime.datetime(2020, 2, 21, 18, 33, 19, tzinfo=datetime.timezone.utc), 'followersCount': 3738, 'friendsCount': 5010, 'statusesCount': 117628, 'favouritesCount': 161848, 'listedCount': 4, 'mediaCount': 2823, 'location': 'India', 'protected': False, 'link': None, 'profileImageUrl': 'https://pbs.twimg.com/profile_images/1576884807216267265/rOzYfeiM_normal.jpg', 'profileBannerUrl': 'https://pbs.twimg.com/profile_banners/1230923410693328896/1661238248', 'label': None}",2021-01-09 18:36:27+00:00,"‡§¶‡•á‡§∂ ‡§Æ‡•á‡§Ç ‡§¨‡•ã‡§≤‡§®‡•á ‡§ï‡•Ä ‡§Ü‡§ú‡§º‡§æ‡§¶‡•Ä ‡§∏‡§¨ ‡§ï‡•ã ‡§π‡•à 

#BoyCott_GoAir",India,False,3738,2020-02-21 18:33:19+00:00
"{'username': 'MohammedIft', 'id': 146388938, 'displayname': 'mohd. iftekhar shaik', 'rawDescription': 'Graduated in civil engineering from the University of gulbarga karnataka. Staying Navi Mumbai', 'renderedDescription': 'Graduated in civil engineering from the University of gulbarga karnataka. Staying Navi Mumbai', 'descriptionLinks': None, 'verified': False, 'created': datetime.datetime(2010, 5, 21, 9, 18, 13, tzinfo=datetime.timezone.utc), 'followersCount': 1312, 'friendsCount': 4762, 'statusesCount': 2836, 'favouritesCount': 6515, 'listedCount': 2, 'mediaCount': 68, 'location': 'Mumbai, India', 'protected': False, 'link': None, 'profileImageUrl': 'https://pbs.twimg.com/profile_images/1287584675775447042/-BNd5yC4_normal.jpg', 'profileBannerUrl': None, 'label': None}",2021-01-09 17:40:04+00:00,@Khushi9595 @Drmahera552 The Bengali farmers should Boycott their program.,"Mumbai, India",False,1312,2010-05-21 09:18:13+00:00
"{'username': 'MuntazirAbedi', 'id': 1196420747280826368, 'displayname': 'Syed Muntazir Mahdi Abedi', 'rawDescription': '', 'renderedDescription': '', 'descriptionLinks': None, 'verified': False, 'created': datetime.datetime(2019, 11, 18, 13, 32, 32, tzinfo=datetime.timezone.utc), 'followersCount': 4, 'friendsCount': 17, 'statusesCount': 439, 'favouritesCount': 1846, 'listedCount': 0, 'mediaCount': 16, 'location': '', 'protected': False, 'link': None, 'profileImageUrl': 'https://abs.twimg.com/sticky/default_profile_images/default_profile_normal.png', 'profileBannerUrl': None, 'label': None}",2021-01-09 13:16:45+00:00,"@nagma_morarji Boycott Kiran Bedi., A corrupt., &amp; Communal minded Governor.,",,False,4,2019-11-18 13:32:32+00:00
"{'username': 'RD_Global', 'id': 172396492, 'displayname': '#RDGlobal', 'rawDescription': 'Indian Multi-Biz Entrepreneur -¬ª eComm, Finance, Travel, Marketing, Retail, Business Planning, Startups. \nPassion -¬ª Trekker, Blogger, vLogger, Biker, Foodie.', 'renderedDescription': 'Indian Multi-Biz Entrepreneur -¬ª eComm, Finance, Travel, Marketing, Retail, Business Planning, Startups. \nPassion -¬ª Trekker, Blogger, vLogger, Biker, Foodie.', 'descriptionLinks': None, 'verified': False, 'created': datetime.datetime(2010, 7, 29, 16, 24, 6, tzinfo=datetime.timezone.utc), 'followersCount': 451, 'friendsCount': 2408, 'statusesCount': 3388, 'favouritesCount': 238, 'listedCount': 71, 'mediaCount': 396, 'location': '‡§Æ‡•Å‡§Ç‡§¨‡§à, ‡§≠‡§æ‡§∞‡§§', 'protected': False, 'link': {'text': 'rdmall.in', 'url': 'http://www.rdmall.in', 'tcourl': 'https://t.co/Xfoge3jJyW', 'indices': (0, 23)}, 'profileImageUrl': 'https://pbs.twimg.com/profile_images/675416019452764166/BqRaiWkN_normal.jpg', 'profileBannerUrl': 'https://pbs.twimg.com/profile_banners/172396492/1535004679', 'label': None}",2021-01-09 10:42:47+00:00,@boycott_dominos #boycottdominos From today I will not have pizza from @dominos_india @dominos its really frustrating that I had to wait for 1.30hrs and get nothing to eat even after making online payment.,"‡§Æ‡•Å‡§Ç‡§¨‡§à, ‡§≠‡§æ‡§∞‡§§",False,451,2010-07-29 16:24:06+00:00
"{'username': 'anandbaraddi', 'id': 774881744986206209, 'displayname': 'Andiya 24', 'rawDescription': '', 'renderedDescription': '', 'descriptionLinks': None, 'verified': False, 'created': datetime.datetime(2016, 9, 11, 8, 6, 19, tzinfo=datetime.timezone.utc), 'followersCount': 26, 'friendsCount': 98, 'statusesCount': 83, 'favouritesCount': 36, 'listedCount': 0, 'mediaCount': 5, 'location': 'Basaveshwara Nagar, Bengaluru', 'protected': False, 'link': None, 'profileImageUrl': 'https://pbs.twimg.com/profile_images/1068275146174029824/NfMhgjHO_normal.jpg', 'profileBannerUrl': 'https://pbs.twimg.com/profile_banners/774881744986206209/1543581205', 'label': None}",2021-01-09 09:41:20+00:00,@Kirthika_1994 @Dream11 Boycott @Dream11,"Basaveshwara Nagar, Bengaluru",False,26,2016-09-11 08:06:19+00:00
"{'username': 'Gurpreetsing99', 'id': 1037527400, 'displayname': 'Gurpreet Singh', 'rawDescription': '', 'renderedDescription': '', 'descriptionLinks': None, 'verified': False, 'created': datetime.datetime(2012, 12, 26, 16, 40, 12, tzinfo=datetime.timezone.utc), 'followersCount': 22, 'friendsCount': 45, 'statusesCount': 1474, 'favouritesCount': 979, 'listedCount': 0, 'mediaCount': 75, 'location': '', 'protected': False, 'link': None, 'profileImageUrl': 'https://pbs.twimg.com/profile_images/1366881333801230337/N8j8KaO__normal.jpg', 'profileBannerUrl': None, 'label': None}",2021-01-09 05:34:34+00:00,"üôèüèª #Takeback3FarmActs. #‡®ú‡®æ‡®Ç_‡®Æ‡®∞‡®æ‡®Ç‡®ó‡©á_‡®ú‡®æ‡®Ç_‡®ú‡®ø‡©±‡®§‡®æ‡®Ç‡®ó‡©á
#lokektazindabad. 
#modimurderingfarmers
#kisanektamorcha. #traalitimes. #standwithfarmerschallengeÔøºÔøºÔøºÔøºÔøºÔøºÔøºÔøº. #modishouldresign.  Salutations ‚úä#boycotteadanifortune
#BoycottRelianc
#Boycott_JioSaavn
#boycott_jio_reliance_cha",,False,22,2012-12-26 16:40:12+00:00
"{'username': 'its_srinu', 'id': 151909679, 'displayname': '‡∞∂‡±ç‡∞∞‡±Ä‡∞®‡∞ø‡∞µ‡∞æ‡∞∏‡±ç', 'rawDescription': 'Telugu movies.....\nApathetic Software Engineer.  SAP ABAP developer. All RTs not endorsements.\nteam ntr30 .', 'renderedDescription': 'Telugu movies.....\nApathetic Software Engineer.  SAP ABAP developer. All RTs not endorsements.\nteam ntr30 .', 'descriptionLinks': None, 'verified': False, 'created': datetime.datetime(2010, 6, 4, 15, 20, 35, tzinfo=datetime.timezone.utc), 'followersCount': 296, 'friendsCount': 225, 'statusesCount': 78127, 'favouritesCount': 102854, 'listedCount': 1, 'mediaCount': 5114, 'location': 'Hyderabad, India', 'protected': False, 'link': None, 'profileImageUrl': 'https://pbs.twimg.com/profile_images/1600715897068744705/pKXMnBn9_normal.jpg', 'profileBannerUrl': 'https://pbs.twimg.com/profile_banners/151909679/1589719266', 'label': None}",2021-01-09 05:13:46+00:00,@Murali_Tweetz Yeti elections unnaayaa . Ninna edo boycott annaru,"Hyderabad, India",False,296,2010-06-04 15:20:35+00:00
"{'username': 'Ankur__official', 'id': 908331060, 'displayname': 'Ankur Maurya', 'rawDescription': 'Philanthropic\n\n‡§µ‡§ø‡§ß‡§æ‡§® ‡§ï‡•Ä ‡§∏‡•ç‡§Ø‡§æ‡§π‡•Ä ‡§ï‡§æ ‡§è‡§ï ‡§¨‡§ø‡§Ç‡§¶‡•Å ‡§ó‡§ø‡§∞‡§ï‡§∞ ‡§≠‡§æ‡§ó‡•ç‡§Ø‡§≤‡§ø‡§™‡§ø ‡§™‡§∞ ‡§ï‡§æ‡§≤‡§ø‡§Æ‡§æ ‡§ö‡§¢‡§º‡§æ ‡§¶‡•á‡§§‡§æ ‡§π‡•à‡•§\nüö©‡§ú‡§Ø ‡§∂‡•ç‡§∞‡•Ä ‡§∞‡§æ‡§Æüö©\n           ‚ù§', 'renderedDescription': 'Philanthropic\n\n‡§µ‡§ø‡§ß‡§æ‡§® ‡§ï‡•Ä ‡§∏‡•ç‡§Ø‡§æ‡§π‡•Ä ‡§ï‡§æ ‡§è‡§ï ‡§¨‡§ø‡§Ç‡§¶‡•Å ‡§ó‡§ø‡§∞‡§ï‡§∞ ‡§≠‡§æ‡§ó‡•ç‡§Ø‡§≤‡§ø‡§™‡§ø ‡§™‡§∞ ‡§ï‡§æ‡§≤‡§ø‡§Æ‡§æ ‡§ö‡§¢‡§º‡§æ ‡§¶‡•á‡§§‡§æ ‡§π‡•à‡•§\nüö©‡§ú‡§Ø ‡§∂‡•ç‡§∞‡•Ä ‡§∞‡§æ‡§Æüö©\n           ‚ù§', 'descriptionLinks': None, 'verified': False, 'created': datetime.datetime(2012, 10, 27, 15, 30, 41, tzinfo=datetime.timezone.utc), 'followersCount': 37, 'friendsCount': 333, 'statusesCount': 2690, 'favouritesCount': 3935, 'listedCount': 0, 'mediaCount': 209, 'location': '‡§≠‡§æ‡§∞‡§§', 'protected': False, 'link': None, 'profileImageUrl': 'https://pbs.twimg.com/profile_images/1346417988199596033/5NGB55Fu_normal.jpg', 'profileBannerUrl': 'https://pbs.twimg.com/profile_banners/908331060/1557671955', 'label': None}",2021-01-08 15:42:55+00:00,‡§Ö‡§¨ ‡§§‡•ã ‡§®‡§Ø‡§æ term ‡§® condition whatapps ‡§ï‡§æ ‡§§‡•ã #Boycott_Whatapps ‡§ï‡§∞‡§®‡§æ ‡§π‡•ã‡§ó‡§æ‡•§,‡§≠‡§æ‡§∞‡§§,False,37,2012-10-27 15:30:41+00:00
"{'username': 'Yovrs1', 'id': 1118798805338451968, 'displayname': 'Chandrakant kamble', 'rawDescription': 'chandrakant kamble', 'renderedDescription': 'chandrakant kamble', 'descriptionLinks': None, 'verified': False, 'created': datetime.datetime(2019, 4, 18, 8, 49, 56, tzinfo=datetime.timezone.utc), 'followersCount': 11, 'friendsCount': 193, 'statusesCount': 721, 'favouritesCount': 1684, 'listedCount': 0, 'mediaCount': 19, 'location': 'Solapur, India', 'protected': False, 'link': None, 'profileImageUrl': 'https://pbs.twimg.com/profile_images/1388520993358966794/smDBK8Nv_normal.jpg', 'profileBannerUrl': None, 'label': None}",2021-01-08 13:31:00+00:00,@Sudhir_mishr boycott,"Solapur, India",False,11,2019-04-18 08:49:56+00:00
"{'username': 'Nandanp35921019', 'id': 1246531577061888001, 'displayname': 'Nandan Pandey', 'rawDescription': '', 'renderedDescription': '', 'descriptionLinks': None, 'verified': False, 'created': datetime.datetime(2020, 4, 4, 20, 14, 50, tzinfo=datetime.timezone.utc), 'followersCount': 12, 'friendsCount': 86, 'statusesCount': 232, 'favouritesCount': 65, 'listedCount': 0, 'mediaCount': 14, 'location': '', 'protected': False, 'link': None, 'profileImageUrl': 'https://pbs.twimg.com/profile_images/1249050213328642048/Tt34zfsY_normal.jpg', 'profileBannerUrl': None, 'label': None}",2021-01-08 11:47:45+00:00,"@KentROSystems 
Boycott kent products",,False,12,2020-04-04 20:14:50+00:00
"{'username': 'maksoodalam47', 'id': 2465737548, 'displayname': 'maksood alam', 'rawDescription': '', 'renderedDescription': '', 'descriptionLinks': None, 'verified': False, 'created': datetime.datetime(2014, 4, 27, 7, 8, 46, tzinfo=datetime.timezone.utc), 'followersCount': 2, 'friendsCount': 126, 'statusesCount': 199, 'favouritesCount': 343, 'listedCount': 0, 'mediaCount': 37, 'location': 'Chinchwad, Haveli', 'protected': False, 'link': None, 'profileImageUrl': 'https://abs.twimg.com/sticky/default_profile_images/default_profile_normal.png', 'profileBannerUrl': None, 'label': None}",2021-01-06 19:53:09+00:00,#Boycott wat'sapp noprivecy,"Chinchwad, Haveli",False,2,2014-04-27 07:08:46+00:00
"{'username': 'Dipakdesh12690', 'id': 1257652491321176065, 'displayname': 'Dipak Deshmukh', 'rawDescription': '', 'renderedDescription': '', 'descriptionLinks': None, 'verified': False, 'created': datetime.datetime(2020, 5, 5, 12, 45, 47, tzinfo=datetime.timezone.utc), 'followersCount': 4, 'friendsCount': 19, 'statusesCount': 10, 'favouritesCount': 10, 'listedCount': 0, 'mediaCount': 8, 'location': 'Karanja, India', 'protected': False, 'link': None, 'profileImageUrl': 'https://pbs.twimg.com/profile_images/1278641096483131392/vaz308eZ_normal.jpg', 'profileBannerUrl': None, 'label': None}",2021-01-06 13:28:28+00:00,@dobale_ajay @DistWardha @CMOMaharashtra @mrhasanmushrif @SunilKedar1111 @Dev_Fadnavis Still no one from government side is come to us and discuss on new #GramPanchayat. We are going to #boycott on coming Grampanchayats elections @mrhasanmushrif @CMOMaharashtra https://t.co/veBq7mUait,"Karanja, India",False,4,2020-05-05 12:45:47+00:00
"{'username': 'Yuvaeaj2', 'id': 1337413694473392130, 'displayname': 'Yuvaeaj', 'rawDescription': '', 'renderedDescription': '', 'descriptionLinks': None, 'verified': False, 'created': datetime.datetime(2020, 12, 11, 15, 7, 39, tzinfo=datetime.timezone.utc), 'followersCount': 0, 'friendsCount': 10, 'statusesCount': 246, 'favouritesCount': 0, 'listedCount': 0, 'mediaCount': 166, 'location': '', 'protected': False, 'link': None, 'profileImageUrl': 'https://pbs.twimg.com/profile_images/1337413914829574144/t1jUp3-U_normal.jpg', 'profileBannerUrl': None, 'label': None}",2021-01-06 09:58:47+00:00,@officialnazimm @Let_us_boycott @Flipkart @flipkartsupport https://t.co/Qk6hp7ug4q,,False,0,2020-12-11 15:07:39+00:00
"{'username': 'Yuvaeaj2', 'id': 1337413694473392130, 'displayname': 'Yuvaeaj', 'rawDescription': '', 'renderedDescription': '', 'descriptionLinks': None, 'verified': False, 'created': datetime.datetime(2020, 12, 11, 15, 7, 39, tzinfo=datetime.timezone.utc), 'followersCount': 0, 'friendsCount': 10, 'statusesCount': 246, 'favouritesCount': 0, 'listedCount': 0, 'mediaCount': 166, 'location': '', 'protected': False, 'link': None, 'profileImageUrl': 'https://pbs.twimg.com/profile_images/1337413914829574144/t1jUp3-U_normal.jpg', 'profileBannerUrl': None, 'label': None}",2021-01-06 08:34:40+00:00,@sksajancool4 @Let_us_boycott https://t.co/IqOkB6M6bz,,False,0,2020-12-11 15:07:39+00:00
"{'username': 'Yuvaeaj2', 'id': 1337413694473392130, 'displayname': 'Yuvaeaj', 'rawDescription': '', 'renderedDescription': '', 'descriptionLinks': None, 'verified': False, 'created': datetime.datetime(2020, 12, 11, 15, 7, 39, tzinfo=datetime.timezone.utc), 'followersCount': 0, 'friendsCount': 10, 'statusesCount': 246, 'favouritesCount': 0, 'listedCount': 0, 'mediaCount': 166, 'location': '', 'protected': False, 'link': None, 'profileImageUrl': 'https://pbs.twimg.com/profile_images/1337413914829574144/t1jUp3-U_normal.jpg', 'profileBannerUrl': None, 'label': None}",2021-01-06 08:10:09+00:00,@TriptiS44799937 @Let_us_boycott @Flipkart @flipkartsupport @FlipkartStories https://t.co/x5RKAqGREU,,False,0,2020-12-11 15:07:39+00:00
"{'username': 'amol8468', 'id': 4263346697, 'displayname': 'Amol Patil', 'rawDescription': '', 'renderedDescription': '', 'descriptionLinks': None, 'verified': False, 'created': datetime.datetime(2015, 11, 24, 8, 22, 2, tzinfo=datetime.timezone.utc), 'followersCount': 92, 'friendsCount': 447, 'statusesCount': 2026, 'favouritesCount': 2972, 'listedCount': 0, 'mediaCount': 103, 'location': 'Surat, India', 'protected': False, 'link': None, 'profileImageUrl': 'https://pbs.twimg.com/profile_images/861504029834309632/F_yFZFZ7_normal.jpg', 'profileBannerUrl': 'https://pbs.twimg.com/profile_banners/4263346697/1514972284', 'label': None}",2021-01-06 06:07:32+00:00,#Boycott_Patanjali https://t.co/ugxoCLq5Ga,"Surat, India",False,92,2015-11-24 08:22:02+00:00
"{'username': 'ReallGupta', 'id': 95404086, 'displayname': 'I C Gupta', 'rawDescription': 'My Secret to Happiness Is Helping Others.', 'renderedDescription': 'My Secret to Happiness Is Helping Others.', 'descriptionLinks': None, 'verified': False, 'created': datetime.datetime(2009, 12, 8, 11, 43, 53, tzinfo=datetime.timezone.utc), 'followersCount': 5126, 'friendsCount': 1002, 'statusesCount': 251704, 'favouritesCount': 488, 'listedCount': 145, 'mediaCount': 62639, 'location': 'Bangalore', 'protected': False, 'link': {'text': 'twiends.com/icgupta', 'url': 'http://twiends.com/icgupta', 'tcourl': 'https://t.co/loxoCtRc13', 'indices': (0, 23)}, 'profileImageUrl': 'https://pbs.twimg.com/profile_images/1590941384168845312/odjf1ShL_normal.jpg', 'profileBannerUrl': None, 'label': None}",2021-01-06 05:46:02+00:00,‚ÄòSuit Boot Ki Sarkar‚Äô: Farmers‚Äô boycott call is the first serious challenge to Ambani and Adani¬† https://t.co/2kSORO42hq https://t.co/mRJ9nEmP8h,Bangalore,False,5126,2009-12-08 11:43:53+00:00
"{'username': 'choubey_gautam', 'id': 3140557548, 'displayname': 'GAUTAM CHOUBEY', 'rawDescription': '', 'renderedDescription': '', 'descriptionLinks': None, 'verified': False, 'created': datetime.datetime(2015, 4, 5, 17, 59, 44, tzinfo=datetime.timezone.utc), 'followersCount': 14, 'friendsCount': 215, 'statusesCount': 74, 'favouritesCount': 9, 'listedCount': 0, 'mediaCount': 5, 'location': 'Navi Mumbai, India', 'protected': False, 'link': None, 'profileImageUrl': 'https://pbs.twimg.com/profile_images/1125094976818335744/GYcaedXu_normal.jpg', 'profileBannerUrl': None, 'label': None}",2021-01-06 05:41:29+00:00,@chandankumarfit @Let_us_boycott @Flipkart @flipkartsupport Let‚Äôs boycott @Flipkart,"Navi Mumbai, India",False,14,2015-04-05 17:59:44+00:00
"{'username': 'acharyasujit', 'id': 92905491, 'displayname': 'Sujit Kumar Acharya', 'rawDescription': '‡§∏‡§§‡•ç‡§Ø‡§Ç ‡§µ‡§¶ ‡§ß‡§∞‡•ç‡§Æ‡§Ç ‡§ö‡§∞ ‡•§\nHonesty is the best policy.\nFrom techno, management and legal fraternity.', 'renderedDescription': '‡§∏‡§§‡•ç‡§Ø‡§Ç ‡§µ‡§¶ ‡§ß‡§∞‡•ç‡§Æ‡§Ç ‡§ö‡§∞ ‡•§\nHonesty is the best policy.\nFrom techno, management and legal fraternity.', 'descriptionLinks': None, 'verified': False, 'created': datetime.datetime(2009, 11, 27, 4, 55, 51, tzinfo=datetime.timezone.utc), 'followersCount': 83, 'friendsCount': 85, 'statusesCount': 6164, 'favouritesCount': 2789, 'listedCount': 0, 'mediaCount': 2035, 'location': 'Jagatsinghpur, Odisha, India', 'protected': False, 'link': {'text': 'wikipedia.org', 'url': 'http://www.wikipedia.org', 'tcourl': 'https://t.co/IHnk56zbqa', 'indices': (0, 23)}, 'profileImageUrl': 'https://pbs.twimg.com/profile_images/1561408067974991872/3nR_mtAX_normal.jpg', 'profileBannerUrl': 'https://pbs.twimg.com/profile_banners/92905491/1455519279', 'label': None}",2021-01-06 04:51:27+00:00,"Country deserves world boycott
#BoycottChina
WHO's Tedros 'very disappointed' China hasn't granted entry to coronavirus experts
 https://t.co/U0cwuoMo7b
Download the TOI app now:
https://t.co/1uIaK1qQgL","Jagatsinghpur, Odisha, India",False,83,2009-11-27 04:55:51+00:00
"{'username': 'ShaikhMansoor83', 'id': 1151910886694510593, 'displayname': 'Mansoor Shaikh', 'rawDescription': 'Official Twitter Account of Mansoor Shaikh || \nFounder - Samvidhaan Bachao Manch |\nFoodie | Restaurentuer | Activist | Mumbaikar | RTs are not Endorsements |', 'renderedDescription': 'Official Twitter Account of Mansoor Shaikh || \nFounder - Samvidhaan Bachao Manch |\nFoodie | Restaurentuer | Activist | Mumbaikar | RTs are not Endorsements |', 'descriptionLinks': None, 'verified': False, 'created': datetime.datetime(2019, 7, 18, 17, 45, 31, tzinfo=datetime.timezone.utc), 'followersCount': 890, 'friendsCount': 420, 'statusesCount': 2838, 'favouritesCount': 7943, 'listedCount': 2, 'mediaCount': 1530, 'location': '‡§Æ‡•Å‡§Ç‡§¨‡§à, ‡§≠‡§æ‡§∞‡§§', 'protected': False, 'link': None, 'profileImageUrl': 'https://pbs.twimg.com/profile_images/1570633681345314816/tk7HdZOL_normal.jpg', 'profileBannerUrl': 'https://pbs.twimg.com/profile_banners/1151910886694510593/1665810046', 'label': None}",2021-01-06 04:23:11+00:00,"A new city is settled on the chest of Delhi. Singhpura
#WorldSupportIndianFarmers
#Boycott_Patanjali 
#Boycott_Patanjali
#‡§ú‡§æ‡§ó‡•ã_‡§™‡•ç‡§∞‡§ß‡§æ‡§®_‡§Æ‡§∞‡§§‡§æ_‡§ï‡§ø‡§∏‡§æ‡§® 
#‡§ú‡§æ‡§ó‡•ã_‡§™‡•ç‡§∞‡§ß‡§æ‡§®_‡§Æ‡§∞‡§§‡§æ_‡§ï‡§ø‡§∏‡§æ‡§® 
#WorldSupportIndianFarmers https://t.co/th2CwrSu7J","‡§Æ‡•Å‡§Ç‡§¨‡§à, ‡§≠‡§æ‡§∞‡§§",False,890,2019-07-18 17:45:31+00:00
"{'username': 'MEYYAPPANMD', 'id': 2722136407, 'displayname': 'MEYYAPPAN.M.D', 'rawDescription': '‡Æï‡Æ±‡Øç‡Æ™‡Æø, ‡Æí‡Æ©‡Øç‡Æ±‡ØÅ‡Æö‡Øá‡Æ∞‡Øç, ‡Æ™‡ØÅ‡Æ∞‡Æü‡Øç‡Æö‡Æø ‡Æö‡ØÜ‡ÆØ‡Øç !\n‡Æé‡Æ©‡Øç‡Æ©‡ØÅ‡Æü‡Øà‡ÆØ ‡Æâ‡Æ±‡Øç‡Æ± ‡Æ®‡Æ£‡Øç‡Æ™‡Æ©‡Øç ‡Æï‡Æ£‡Øç‡Æ£‡Ææ‡Æü‡Æø; \n‡Æè‡Æ©‡Øç ‡Æé‡Æ©‡Øç‡Æ±‡Ææ‡Æ≤‡Øç ‡Æ®‡Ææ‡Æ©‡Øç ‡ÆÖ‡Æ¥‡ØÅ‡ÆÆ‡Øç‡Æ™‡Øã‡Æ§‡ØÅ ‡Æï‡Æ£‡Øç‡Æ£‡Ææ‡Æü‡Æø ‡Æé‡Æ©‡Øç‡Æ©‡Øà‡Æ™‡Øç‡Æ™‡Ææ‡Æ∞‡Øç‡Æ§‡Øç‡Æ§‡ØÅ ‡Æö‡Æø‡Æ∞‡Æø‡Æ™‡Øç‡Æ™‡Æ§‡Æø‡Æ≤‡Øç‡Æ≤‡Øà.', 'renderedDescription': '‡Æï‡Æ±‡Øç‡Æ™‡Æø, ‡Æí‡Æ©‡Øç‡Æ±‡ØÅ‡Æö‡Øá‡Æ∞‡Øç, ‡Æ™‡ØÅ‡Æ∞‡Æü‡Øç‡Æö‡Æø ‡Æö‡ØÜ‡ÆØ‡Øç !\n‡Æé‡Æ©‡Øç‡Æ©‡ØÅ‡Æü‡Øà‡ÆØ ‡Æâ‡Æ±‡Øç‡Æ± ‡Æ®‡Æ£‡Øç‡Æ™‡Æ©‡Øç ‡Æï‡Æ£‡Øç‡Æ£‡Ææ‡Æü‡Æø; \n‡Æè‡Æ©‡Øç ‡Æé‡Æ©‡Øç‡Æ±‡Ææ‡Æ≤‡Øç ‡Æ®‡Ææ‡Æ©‡Øç ‡ÆÖ‡Æ¥‡ØÅ‡ÆÆ‡Øç‡Æ™‡Øã‡Æ§‡ØÅ ‡Æï‡Æ£‡Øç‡Æ£‡Ææ‡Æü‡Æø ‡Æé‡Æ©‡Øç‡Æ©‡Øà‡Æ™‡Øç‡Æ™‡Ææ‡Æ∞‡Øç‡Æ§‡Øç‡Æ§‡ØÅ ‡Æö‡Æø‡Æ∞‡Æø‡Æ™‡Øç‡Æ™‡Æ§‡Æø‡Æ≤‡Øç‡Æ≤‡Øà.', 'descriptionLinks': None, 'verified': False, 'created': datetime.datetime(2014, 8, 10, 17, 37, 2, tzinfo=datetime.timezone.utc), 'followersCount': 110, 'friendsCount': 293, 'statusesCount': 25020, 'favouritesCount': 57317, 'listedCount': 0, 'mediaCount': 1045, 'location': 'Bengaluru, India', 'protected': False, 'link': None, 'profileImageUrl': 'https://pbs.twimg.com/profile_images/1401248943762153474/ayCtjMYS_normal.jpg', 'profileBannerUrl': 'https://pbs.twimg.com/profile_banners/2722136407/1636736047', 'label': None}",2021-01-06 02:25:25+00:00,#Boycott_Patanjali,"Bengaluru, India",False,110,2014-08-10 17:37:02+00:00
"{'username': 'tauheed_tweets', 'id': 108020716, 'displayname': 'Tauheed Ahmed', 'rawDescription': 'Shine through ‚ö°Ô∏è tauheedmq@gmail.com', 'renderedDescription': 'Shine through ‚ö°Ô∏è tauheedmq@gmail.com', 'descriptionLinks': None, 'verified': False, 'created': datetime.datetime(2010, 1, 24, 15, 4, 16, tzinfo=datetime.timezone.utc), 'followersCount': 344, 'friendsCount': 1973, 'statusesCount': 2962, 'favouritesCount': 445, 'listedCount': 13, 'mediaCount': 519, 'location': 'Mumbai, India.', 'protected': False, 'link': {'text': 'linktr.ee/Tauheed_links', 'url': 'https://linktr.ee/Tauheed_links', 'tcourl': 'https://t.co/nox2iFRArD', 'indices': (0, 23)}, 'profileImageUrl': 'https://pbs.twimg.com/profile_images/1595306804342235137/wwRW-Zxb_normal.jpg', 'profileBannerUrl': None, 'label': None}",2021-01-06 02:17:11+00:00,#Boycott_Patanjali https://t.co/0bjlyaf4qT,"Mumbai, India.",False,344,2010-01-24 15:04:16+00:00
"{'username': 'Manaram_BYT', 'id': 3716116994, 'displayname': 'Manaram Sahu', 'rawDescription': 'Kabir Panthi, Follower Of @SaintRampalJiM', 'renderedDescription': 'Kabir Panthi, Follower Of @SaintRampalJiM', 'descriptionLinks': None, 'verified': False, 'created': datetime.datetime(2015, 9, 28, 15, 40, 26, tzinfo=datetime.timezone.utc), 'followersCount': 77416, 'friendsCount': 3073, 'statusesCount': 30958, 'favouritesCount': 24269, 'listedCount': 16, 'mediaCount': 5802, 'location': 'Bhatapara, Chhattishgarh', 'protected': False, 'link': {'text': 'jagatgururampalji.org', 'url': 'http://jagatgururampalji.org', 'tcourl': 'https://t.co/rGm4DYlMs5', 'indices': (0, 23)}, 'profileImageUrl': 'https://pbs.twimg.com/profile_images/1596531262830702593/L0vrIDkB_normal.jpg', 'profileBannerUrl': 'https://pbs.twimg.com/profile_banners/3716116994/1669477690', 'label': None}",2021-01-06 00:51:27+00:00,"#Boycott_Patanjali_Product
#Boycott_Patanjali
le other Companies products owners : 
üòúüòúüòÇüòÇüòÇ https://t.co/WxzZytRK5p","Bhatapara, Chhattishgarh",False,77416,2015-09-28 15:40:26+00:00
"{'username': 'jillalokish', 'id': 4164123556, 'displayname': 'Lokish Jayakumar', 'rawDescription': 'Poonamallee Ward 5 AIADMK IT Wing ‡Æö‡ØÜ‡ÆØ‡Æ≤‡Ææ‡Æ≥‡Æ∞‡Øç.\nAIADMK_Party_cadre‚úå\nThalapathy_Rasiganüí™\nECE_Engineer@SSIET.\nEx-CVVian', 'renderedDescription': 'Poonamallee Ward 5 AIADMK IT Wing ‡Æö‡ØÜ‡ÆØ‡Æ≤‡Ææ‡Æ≥‡Æ∞‡Øç.\nAIADMK_Party_cadre‚úå\nThalapathy_Rasiganüí™\nECE_Engineer@SSIET.\nEx-CVVian', 'descriptionLinks': None, 'verified': False, 'created': datetime.datetime(2015, 11, 11, 13, 29, 46, tzinfo=datetime.timezone.utc), 'followersCount': 115, 'friendsCount': 122, 'statusesCount': 1716, 'favouritesCount': 1829, 'listedCount': 0, 'mediaCount': 793, 'location': 'Karayanchavidi Poonamallee', 'protected': False, 'link': {'text': 'instagram.com/j.lokish/', 'url': 'https://www.instagram.com/j.lokish/', 'tcourl': 'https://t.co/RrU2bvxX7k', 'indices': (0, 23)}, 'profileImageUrl': 'https://pbs.twimg.com/profile_images/1378205125886365697/k6TzE3zG_normal.jpg', 'profileBannerUrl': 'https://pbs.twimg.com/profile_banners/4164123556/1607336037', 'label': None}",2021-01-05 23:56:43+00:00,"Baba Ramdev Calls Supporters of Ambedkar 'Intellectual Terrorists'
#Boycott_Patanjali
#Boycott_Patanjali_Product https://t.co/fWNukdENhb",Karayanchavidi Poonamallee,False,115,2015-11-11 13:29:46+00:00
"{'username': 'dsrajgopal', 'id': 374564739, 'displayname': 'RajgopalüáÆüá≥', 'rawDescription': 'State General Secretary @BhimArmy.\nBahujana sukhaya bahujana hitaya cha.\n BE from BMS College Of Engineering Banglore.', 'renderedDescription': 'State General Secretary @BhimArmy.\nBahujana sukhaya bahujana hitaya cha.\n BE from BMS College Of Engineering Banglore.', 'descriptionLinks': None, 'verified': False, 'created': datetime.datetime(2011, 9, 16, 14, 53, tzinfo=datetime.timezone.utc), 'followersCount': 248, 'friendsCount': 1114, 'statusesCount': 2631, 'favouritesCount': 3035, 'listedCount': 0, 'mediaCount': 290, 'location': 'Banglore', 'protected': False, 'link': {'text': 'nalandaacademyindia.com', 'url': 'http://www.nalandaacademyindia.com', 'tcourl': 'https://t.co/DJFYbkIFGT', 'indices': (0, 23)}, 'profileImageUrl': 'https://pbs.twimg.com/profile_images/1353778010147569669/kt5YXpgl_normal.jpg', 'profileBannerUrl': 'https://pbs.twimg.com/profile_banners/374564739/1575722178', 'label': None}",2021-01-05 19:32:12+00:00,"Trending in India #Boycott_Patanjali 
18.8K Tweets . https://t.co/uIYVl6u2GC",Banglore,False,248,2011-09-16 14:53:00+00:00
"{'username': 'rabiiik527', 'id': 806204521919762432, 'displayname': 'rabia', 'rawDescription': '', 'renderedDescription': '', 'descriptionLinks': None, 'verified': False, 'created': datetime.datetime(2016, 12, 6, 18, 31, 51, tzinfo=datetime.timezone.utc), 'followersCount': 587, 'friendsCount': 494, 'statusesCount': 214343, 'favouritesCount': 462638, 'listedCount': 0, 'mediaCount': 7, 'location': '', 'protected': False, 'link': None, 'profileImageUrl': 'https://abs.twimg.com/sticky/default_profile_images/default_profile_normal.png', 'profileBannerUrl': None, 'label': None}",2021-01-05 18:48:46+00:00,Bycott the adultred products in the name of Swedish he looting the innocent people #Boycott_Patanjali,,False,587,2016-12-06 18:31:51+00:00
"{'username': 'ShuklaAshishTVM', 'id': 875732748866138113, 'displayname': 'Ashish Shukla üáÆüá≥ #Teamdevendra #BJP', 'rawDescription': '‡§Ü‡§∂‡•Ä‡§∑ ‡§∂‡•Å‡§ï‡•ç‡§≤‡§æ  ‡§®‡•á‡§§‡§æ ‡§≠‡§æ‡§ú‡§™‡§æ #‡§™‡•ã‡§à‡§∏‡§∞, ‡§ï‡§æ‡§Ç‡§¶‡§ø‡§µ‡§≤‡•Ä ‡§™‡•Ç‡§∞‡•ç‡§µ ‡§Æ‡•Å‡§Ç‡§¨‡§à\n#MissionPoisarNo1 #MissionMumbaiNo1', 'renderedDescription': '‡§Ü‡§∂‡•Ä‡§∑ ‡§∂‡•Å‡§ï‡•ç‡§≤‡§æ  ‡§®‡•á‡§§‡§æ ‡§≠‡§æ‡§ú‡§™‡§æ #‡§™‡•ã‡§à‡§∏‡§∞, ‡§ï‡§æ‡§Ç‡§¶‡§ø‡§µ‡§≤‡•Ä ‡§™‡•Ç‡§∞‡•ç‡§µ ‡§Æ‡•Å‡§Ç‡§¨‡§à\n#MissionPoisarNo1 #MissionMumbaiNo1', 'descriptionLinks': None, 'verified': False, 'created': datetime.datetime(2017, 6, 16, 15, 12, 12, tzinfo=datetime.timezone.utc), 'followersCount': 2733, 'friendsCount': 4928, 'statusesCount': 39362, 'favouritesCount': 19924, 'listedCount': 1, 'mediaCount': 1857, 'location': 'Mumbai, India', 'protected': False, 'link': {'text': 'youtube.com/channel/UCNHdJ‚Ä¶', 'url': 'https://youtube.com/channel/UCNHdJN43y0CRgY3lYk_jTDA', 'tcourl': 'https://t.co/7mi7Tz6crm', 'indices': (0, 23)}, 'profileImageUrl': 'https://pbs.twimg.com/profile_images/1559165662383071232/E3HJEFbZ_normal.jpg', 'profileBannerUrl': 'https://pbs.twimg.com/profile_banners/875732748866138113/1637100840', 'label': None}",2021-01-05 18:42:33+00:00,"Shame on those who boycott only everything Indian such as Ambani, Adani and Patanjali...

You have no guts to boycott foreign entities ....You still live in slave mentality from British Era 

#‡§™‡§§‡§Ç‡§ú‡§≤‡§ø_‡§∏‡•ç‡§µ‡§¶‡•á‡§∂‡•Ä_‡§ï‡•Ä_‡§™‡§π‡§ö‡§æ‡§®

@rakesh_bstpyp @beingarun28 @Gajjusay @Chandu7130","Mumbai, India",False,2733,2017-06-16 15:12:12+00:00
"{'username': 'Thekrs_1', 'id': 1293981155411165185, 'displayname': 'Raja', 'rawDescription': 'Investor ,  IoT Architect  ,  Indian , Believes in Humanity , poking popular topics and threads 4 timepass', 'renderedDescription': 'Investor ,  IoT Architect  ,  Indian , Believes in Humanity , poking popular topics and threads 4 timepass', 'descriptionLinks': None, 'verified': False, 'created': datetime.datetime(2020, 8, 13, 18, 42, 14, tzinfo=datetime.timezone.utc), 'followersCount': 53, 'friendsCount': 17, 'statusesCount': 3582, 'favouritesCount': 188, 'listedCount': 1, 'mediaCount': 108, 'location': 'Bengaluru', 'protected': False, 'link': None, 'profileImageUrl': 'https://pbs.twimg.com/profile_images/1490874372772360192/5cogqQL1_normal.jpg', 'profileBannerUrl': 'https://pbs.twimg.com/profile_banners/1293981155411165185/1644287199', 'label': None}",2021-01-05 18:12:10+00:00,very cheap quality products #Boycott_Patanjali,Bengaluru,False,53,2020-08-13 18:42:14+00:00
"{'username': 'SelfMusing_Sush', 'id': 1283434964663455744, 'displayname': 'Dr. Pragya Gupta #Justice4SSR Har Har mahadevüî±üôè', 'rawDescription': '‡§Ü‡§∞‡•ç‡§Ø ‡§∏‡§Æ‡§æ‡§ú‡•ÄüïâÔ∏èüôè\n‡§∞‡§æ‡§∑‡•ç‡§ü‡•ç‡§∞‡§µ‡§æ‡§¶‡•ÄüáÆüá≥\nProud 2 b a medico.\nI just love this guyüòç @itsSSR\nBut at the same time my heart criesüò≠üíî\nmy u tube channel üëáüèªüëáüèªüëáüèª', 'renderedDescription': '‡§Ü‡§∞‡•ç‡§Ø ‡§∏‡§Æ‡§æ‡§ú‡•ÄüïâÔ∏èüôè\n‡§∞‡§æ‡§∑‡•ç‡§ü‡•ç‡§∞‡§µ‡§æ‡§¶‡•ÄüáÆüá≥\nProud 2 b a medico.\nI just love this guyüòç @itsSSR\nBut at the same time my heart criesüò≠üíî\nmy u tube channel üëáüèªüëáüèªüëáüèª', 'descriptionLinks': None, 'verified': False, 'created': datetime.datetime(2020, 7, 15, 16, 15, 32, tzinfo=datetime.timezone.utc), 'followersCount': 129, 'friendsCount': 429, 'statusesCount': 7186, 'favouritesCount': 8606, 'listedCount': 0, 'mediaCount': 290, 'location': '', 'protected': False, 'link': {'text': 'youtube.com/channel/UCubkU‚Ä¶', 'url': 'https://youtube.com/channel/UCubkUa2YBuBQKCL1nI2Qs-w', 'tcourl': 'https://t.co/8TAcy5zLQO', 'indices': (0, 23)}, 'profileImageUrl': 'https://pbs.twimg.com/profile_images/1572972061420843008/Dt55PzID_normal.jpg', 'profileBannerUrl': 'https://pbs.twimg.com/profile_banners/1283434964663455744/1630333566', 'label': None}",2021-01-05 18:07:43+00:00,#Boycott_Patanjali karo aur #AatmaNirbharBharat aur #MakeInIndia ki dhajjiyan uda do. Firse china aur baki desho pe nirbhar ho jao aur apne Desh ko bechne ke baad Modiji ko economy girne ke liye zimmedar thehrao,,False,129,2020-07-15 16:15:32+00:00
"{'username': 'TheHarshithSK', 'id': 438852538, 'displayname': 'Harshith', 'rawDescription': 'Products | ‚ñ≥ ‚óã √ó ‚ñ°\xa0|', 'renderedDescription': 'Products | ‚ñ≥ ‚óã √ó ‚ñ°\xa0|', 'descriptionLinks': None, 'verified': False, 'created': datetime.datetime(2011, 12, 17, 3, 2, 11, tzinfo=datetime.timezone.utc), 'followersCount': 1757, 'friendsCount': 417, 'statusesCount': 68832, 'favouritesCount': 432, 'listedCount': 53, 'mediaCount': 3224, 'location': 'Sagar, Karnataka', 'protected': False, 'link': {'text': 'harshit.ga', 'url': 'http://www.harshit.ga', 'tcourl': 'https://t.co/DqGtMhUg64', 'indices': (0, 23)}, 'profileImageUrl': 'https://pbs.twimg.com/profile_images/1521848168056762369/LU1W0w5c_normal.jpg', 'profileBannerUrl': 'https://pbs.twimg.com/profile_banners/438852538/1657608360', 'label': None}",2021-01-05 17:24:58+00:00,Why this ? I didn't understand context #Boycott_Patanjali,"Sagar, Karnataka",False,1757,2011-12-17 03:02:11+00:00
"{'username': 'Arunthevar16', 'id': 943184426413912064, 'displayname': 'Arun thevar', 'rawDescription': '', 'renderedDescription': '', 'descriptionLinks': None, 'verified': False, 'created': datetime.datetime(2017, 12, 19, 18, 21, 5, tzinfo=datetime.timezone.utc), 'followersCount': 4, 'friendsCount': 62, 'statusesCount': 546, 'favouritesCount': 181, 'listedCount': 0, 'mediaCount': 9, 'location': 'Mumbai, India', 'protected': False, 'link': None, 'profileImageUrl': 'https://pbs.twimg.com/profile_images/1554133716229689346/uhXBdGZz_normal.jpg', 'profileBannerUrl': 'https://pbs.twimg.com/profile_banners/943184426413912064/1659361217', 'label': None}",2021-01-05 17:07:17+00:00,"#Boycott_Patanjali
We support and I am using Patanjali Past honey hair oil
So many item we support made in india","Mumbai, India",False,4,2017-12-19 18:21:05+00:00
"{'username': 'Virat68403029', 'id': 1037956343326420992, 'displayname': 'Virat wanjari', 'rawDescription': 'indian first...!!!... Social activist...!!!...voice of indians...!!!...\n\n#‡§ú‡§Ø‡§≠‡•Ä‡§Æ\nhttps://t.co/jrquiyNnV3', 'renderedDescription': 'indian first...!!!... Social activist...!!!...voice of indians...!!!...\n\n#‡§ú‡§Ø‡§≠‡•Ä‡§Æ\nyoutube.com/channel/UCkYIX‚Ä¶', 'descriptionLinks': [{'text': 'youtube.com/channel/UCkYIX‚Ä¶', 'url': 'https://youtube.com/channel/UCkYIXsCjXTA7EYwmVTffK4Q', 'tcourl': 'https://t.co/jrquiyNnV3', 'indices': (80, 103)}], 'verified': False, 'created': datetime.datetime(2018, 9, 7, 6, 50, 51, tzinfo=datetime.timezone.utc), 'followersCount': 2230, 'friendsCount': 1591, 'statusesCount': 28921, 'favouritesCount': 36584, 'listedCount': 0, 'mediaCount': 1886, 'location': 'Nagpur, India', 'protected': False, 'link': {'text': 'youtube.com/c/TheMooknayak‚Ä¶', 'url': 'https://youtube.com/c/TheMooknayakhindi', 'tcourl': 'https://t.co/CdJX6YnHlS', 'indices': (0, 23)}, 'profileImageUrl': 'https://pbs.twimg.com/profile_images/1558758777842647042/cS9-S6LH_normal.jpg', 'profileBannerUrl': 'https://pbs.twimg.com/profile_banners/1037956343326420992/1591548811', 'label': None}",2021-01-05 17:04:24+00:00,"‡§¶‡•á‡§∂‡§¶‡•ç‡§∞‡•ã‡§π‡•Ä ‡§¨‡§æ‡§¨‡§æ ‡§∞‡§æ‡§Æ‡§¶‡•á‡§µ üòÇü§£ü§™

#Boycott_Patanjali https://t.co/Hwpzttdrfw","Nagpur, India",False,2230,2018-09-07 06:50:51+00:00
"{'username': 'Virat68403029', 'id': 1037956343326420992, 'displayname': 'Virat wanjari', 'rawDescription': 'indian first...!!!... Social activist...!!!...voice of indians...!!!...\n\n#‡§ú‡§Ø‡§≠‡•Ä‡§Æ\nhttps://t.co/jrquiyNnV3', 'renderedDescription': 'indian first...!!!... Social activist...!!!...voice of indians...!!!...\n\n#‡§ú‡§Ø‡§≠‡•Ä‡§Æ\nyoutube.com/channel/UCkYIX‚Ä¶', 'descriptionLinks': [{'text': 'youtube.com/channel/UCkYIX‚Ä¶', 'url': 'https://youtube.com/channel/UCkYIXsCjXTA7EYwmVTffK4Q', 'tcourl': 'https://t.co/jrquiyNnV3', 'indices': (80, 103)}], 'verified': False, 'created': datetime.datetime(2018, 9, 7, 6, 50, 51, tzinfo=datetime.timezone.utc), 'followersCount': 2230, 'friendsCount': 1591, 'statusesCount': 28921, 'favouritesCount': 36584, 'listedCount': 0, 'mediaCount': 1886, 'location': 'Nagpur, India', 'protected': False, 'link': {'text': 'youtube.com/c/TheMooknayak‚Ä¶', 'url': 'https://youtube.com/c/TheMooknayakhindi', 'tcourl': 'https://t.co/CdJX6YnHlS', 'indices': (0, 23)}, 'profileImageUrl': 'https://pbs.twimg.com/profile_images/1558758777842647042/cS9-S6LH_normal.jpg', 'profileBannerUrl': 'https://pbs.twimg.com/profile_banners/1037956343326420992/1591548811', 'label': None}",2021-01-05 16:59:39+00:00,"#Boycott_Patanjali ‡§á‡§∏ # ‡§ü‡§Å‡§ó ‡§ï‡§æ ‡§∏‡§Æ‡§∞‡•ç‡§•‡§® 
‡§ï‡§∞‡•á...","Nagpur, India",False,2230,2018-09-07 06:50:51+00:00
"{'username': 'Virat68403029', 'id': 1037956343326420992, 'displayname': 'Virat wanjari', 'rawDescription': 'indian first...!!!... Social activist...!!!...voice of indians...!!!...\n\n#‡§ú‡§Ø‡§≠‡•Ä‡§Æ\nhttps://t.co/jrquiyNnV3', 'renderedDescription': 'indian first...!!!... Social activist...!!!...voice of indians...!!!...\n\n#‡§ú‡§Ø‡§≠‡•Ä‡§Æ\nyoutube.com/channel/UCkYIX‚Ä¶', 'descriptionLinks': [{'text': 'youtube.com/channel/UCkYIX‚Ä¶', 'url': 'https://youtube.com/channel/UCkYIXsCjXTA7EYwmVTffK4Q', 'tcourl': 'https://t.co/jrquiyNnV3', 'indices': (80, 103)}], 'verified': False, 'created': datetime.datetime(2018, 9, 7, 6, 50, 51, tzinfo=datetime.timezone.utc), 'followersCount': 2230, 'friendsCount': 1591, 'statusesCount': 28921, 'favouritesCount': 36584, 'listedCount': 0, 'mediaCount': 1886, 'location': 'Nagpur, India', 'protected': False, 'link': {'text': 'youtube.com/c/TheMooknayak‚Ä¶', 'url': 'https://youtube.com/c/TheMooknayakhindi', 'tcourl': 'https://t.co/CdJX6YnHlS', 'indices': (0, 23)}, 'profileImageUrl': 'https://pbs.twimg.com/profile_images/1558758777842647042/cS9-S6LH_normal.jpg', 'profileBannerUrl': 'https://pbs.twimg.com/profile_banners/1037956343326420992/1591548811', 'label': None}",2021-01-05 16:52:05+00:00,"@VijayPrakashJi

 @PragpuraPilot

 @YogeshM39

@DHARAMGOUP 

 @SinghArayana

 @NavalKishore01
 @RajatAmbedkar95
@itsIC31
@sahilkhanmev 

#Boycott_Patanjali","Nagpur, India",False,2230,2018-09-07 06:50:51+00:00
"{'username': 'gsbiradar', 'id': 140658866, 'displayname': 'ItsMe', 'rawDescription': 'Bharat vasi', 'renderedDescription': 'Bharat vasi', 'descriptionLinks': None, 'verified': False, 'created': datetime.datetime(2010, 5, 6, 2, 48, 28, tzinfo=datetime.timezone.utc), 'followersCount': 47, 'friendsCount': 85, 'statusesCount': 7283, 'favouritesCount': 4440, 'listedCount': 1, 'mediaCount': 40, 'location': 'x', 'protected': False, 'link': None, 'profileImageUrl': 'https://pbs.twimg.com/profile_images/1097514371876499456/uZpd37iT_normal.jpg', 'profileBannerUrl': None, 'label': None}",2021-01-05 16:50:59+00:00,#Boycott_Patanjali koun hai MC jo boycott karne ka agenda chala raha hai,x,False,47,2010-05-06 02:48:28+00:00
"{'username': 'Virat68403029', 'id': 1037956343326420992, 'displayname': 'Virat wanjari', 'rawDescription': 'indian first...!!!... Social activist...!!!...voice of indians...!!!...\n\n#‡§ú‡§Ø‡§≠‡•Ä‡§Æ\nhttps://t.co/jrquiyNnV3', 'renderedDescription': 'indian first...!!!... Social activist...!!!...voice of indians...!!!...\n\n#‡§ú‡§Ø‡§≠‡•Ä‡§Æ\nyoutube.com/channel/UCkYIX‚Ä¶', 'descriptionLinks': [{'text': 'youtube.com/channel/UCkYIX‚Ä¶', 'url': 'https://youtube.com/channel/UCkYIXsCjXTA7EYwmVTffK4Q', 'tcourl': 'https://t.co/jrquiyNnV3', 'indices': (80, 103)}], 'verified': False, 'created': datetime.datetime(2018, 9, 7, 6, 50, 51, tzinfo=datetime.timezone.utc), 'followersCount': 2230, 'friendsCount': 1591, 'statusesCount': 28921, 'favouritesCount': 36584, 'listedCount': 0, 'mediaCount': 1886, 'location': 'Nagpur, India', 'protected': False, 'link': {'text': 'youtube.com/c/TheMooknayak‚Ä¶', 'url': 'https://youtube.com/c/TheMooknayakhindi', 'tcourl': 'https://t.co/CdJX6YnHlS', 'indices': (0, 23)}, 'profileImageUrl': 'https://pbs.twimg.com/profile_images/1558758777842647042/cS9-S6LH_normal.jpg', 'profileBannerUrl': 'https://pbs.twimg.com/profile_banners/1037956343326420992/1591548811', 'label': None}",2021-01-05 16:50:29+00:00,"‡§ö‡•Ä‡§® ‡§Æ‡•á‡§Ç ‡§Ö‡§∞‡§¨‡§™‡§§‡§ø ‡§¨‡§ø‡§ú‡§®‡•á‡§∏‡§Æ‡•à‡§® ‡§ï‡•ã ‡§∏‡§∞‡§ï‡§æ‡§∞ ‡§®‡•á ‡§ï‡§¨‡•ç‡§ú‡•á ‡§Æ‡•á‡§Ç ‡§≤‡•á ‡§≤‡§ø‡§Ø‡§æ‡•§ ‡§µ‡•ã ‡§≠‡§æ‡§∞‡§§ ‡§Æ‡•á‡§Ç ‡§π‡•ã‡§§‡§æ ‡§§‡•ã  ‡§Ö‡§¨ ‡§§‡§ï ‡§∏‡§∞‡§ï‡§æ‡§∞ ‡§ï‡•ã ‡§ï‡§¨‡•ç‡§ú‡•á ‡§Æ‡•á‡§Ç ‡§≤‡•á ‡§≤‡•á‡§§‡§æ‡•§
 #JackMa

#Boycott_Patanjali","Nagpur, India",False,2230,2018-09-07 06:50:51+00:00
"{'username': 'Virat68403029', 'id': 1037956343326420992, 'displayname': 'Virat wanjari', 'rawDescription': 'indian first...!!!... Social activist...!!!...voice of indians...!!!...\n\n#‡§ú‡§Ø‡§≠‡•Ä‡§Æ\nhttps://t.co/jrquiyNnV3', 'renderedDescription': 'indian first...!!!... Social activist...!!!...voice of indians...!!!...\n\n#‡§ú‡§Ø‡§≠‡•Ä‡§Æ\nyoutube.com/channel/UCkYIX‚Ä¶', 'descriptionLinks': [{'text': 'youtube.com/channel/UCkYIX‚Ä¶', 'url': 'https://youtube.com/channel/UCkYIXsCjXTA7EYwmVTffK4Q', 'tcourl': 'https://t.co/jrquiyNnV3', 'indices': (80, 103)}], 'verified': False, 'created': datetime.datetime(2018, 9, 7, 6, 50, 51, tzinfo=datetime.timezone.utc), 'followersCount': 2230, 'friendsCount': 1591, 'statusesCount': 28921, 'favouritesCount': 36584, 'listedCount': 0, 'mediaCount': 1886, 'location': 'Nagpur, India', 'protected': False, 'link': {'text': 'youtube.com/c/TheMooknayak‚Ä¶', 'url': 'https://youtube.com/c/TheMooknayakhindi', 'tcourl': 'https://t.co/CdJX6YnHlS', 'indices': (0, 23)}, 'profileImageUrl': 'https://pbs.twimg.com/profile_images/1558758777842647042/cS9-S6LH_normal.jpg', 'profileBannerUrl': 'https://pbs.twimg.com/profile_banners/1037956343326420992/1591548811', 'label': None}",2021-01-05 16:49:07+00:00,"‡§Æ‡•Å‡§Ç‡§π ‡§Æ‡•á‡§Ç ‡§ó‡§Ç‡§ó‡•á...‡§¶‡§ø‡§Æ‡§æ‡§ó ‡§Æ‡•á‡§Ç ‡§¶‡§Ç‡§ó‡•á..?

‡§¶‡•á‡§∂ ‡§ï‡§æ ‡§®‡§æ‡§∂ ‡§ï‡§∞ ‡§¶‡§ø‡§Ø‡§æ ‡§§‡•Ç‡§®‡•á ‡§≠‡§ø‡§ñ ‡§Æ‡§Ç‡§ó‡•á..!!

#Boycott_Patanjali","Nagpur, India",False,2230,2018-09-07 06:50:51+00:00
"{'username': 'Virat68403029', 'id': 1037956343326420992, 'displayname': 'Virat wanjari', 'rawDescription': 'indian first...!!!... Social activist...!!!...voice of indians...!!!...\n\n#‡§ú‡§Ø‡§≠‡•Ä‡§Æ\nhttps://t.co/jrquiyNnV3', 'renderedDescription': 'indian first...!!!... Social activist...!!!...voice of indians...!!!...\n\n#‡§ú‡§Ø‡§≠‡•Ä‡§Æ\nyoutube.com/channel/UCkYIX‚Ä¶', 'descriptionLinks': [{'text': 'youtube.com/channel/UCkYIX‚Ä¶', 'url': 'https://youtube.com/channel/UCkYIXsCjXTA7EYwmVTffK4Q', 'tcourl': 'https://t.co/jrquiyNnV3', 'indices': (80, 103)}], 'verified': False, 'created': datetime.datetime(2018, 9, 7, 6, 50, 51, tzinfo=datetime.timezone.utc), 'followersCount': 2230, 'friendsCount': 1591, 'statusesCount': 28921, 'favouritesCount': 36584, 'listedCount': 0, 'mediaCount': 1886, 'location': 'Nagpur, India', 'protected': False, 'link': {'text': 'youtube.com/c/TheMooknayak‚Ä¶', 'url': 'https://youtube.com/c/TheMooknayakhindi', 'tcourl': 'https://t.co/CdJX6YnHlS', 'indices': (0, 23)}, 'profileImageUrl': 'https://pbs.twimg.com/profile_images/1558758777842647042/cS9-S6LH_normal.jpg', 'profileBannerUrl': 'https://pbs.twimg.com/profile_banners/1037956343326420992/1591548811', 'label': None}",2021-01-05 16:46:51+00:00,"‡§¶‡•á‡§∂ ‡§ï‡•ã ‡§ó‡•Ç‡§Æ‡§∞‡§æ‡§π.‡§ï‡§∞‡§®‡•á ‡§ï‡§æ‡§Æ ‡§™‡§Ç‡§§‡§ú‡§≤‡•Ä ‡§ï‡§∞ ‡§∞‡§π‡§æ ‡§π‡•á...

#Boycott_Patanjali","Nagpur, India",False,2230,2018-09-07 06:50:51+00:00
"{'username': 'Virat68403029', 'id': 1037956343326420992, 'displayname': 'Virat wanjari', 'rawDescription': 'indian first...!!!... Social activist...!!!...voice of indians...!!!...\n\n#‡§ú‡§Ø‡§≠‡•Ä‡§Æ\nhttps://t.co/jrquiyNnV3', 'renderedDescription': 'indian first...!!!... Social activist...!!!...voice of indians...!!!...\n\n#‡§ú‡§Ø‡§≠‡•Ä‡§Æ\nyoutube.com/channel/UCkYIX‚Ä¶', 'descriptionLinks': [{'text': 'youtube.com/channel/UCkYIX‚Ä¶', 'url': 'https://youtube.com/channel/UCkYIXsCjXTA7EYwmVTffK4Q', 'tcourl': 'https://t.co/jrquiyNnV3', 'indices': (80, 103)}], 'verified': False, 'created': datetime.datetime(2018, 9, 7, 6, 50, 51, tzinfo=datetime.timezone.utc), 'followersCount': 2230, 'friendsCount': 1591, 'statusesCount': 28921, 'favouritesCount': 36584, 'listedCount': 0, 'mediaCount': 1886, 'location': 'Nagpur, India', 'protected': False, 'link': {'text': 'youtube.com/c/TheMooknayak‚Ä¶', 'url': 'https://youtube.com/c/TheMooknayakhindi', 'tcourl': 'https://t.co/CdJX6YnHlS', 'indices': (0, 23)}, 'profileImageUrl': 'https://pbs.twimg.com/profile_images/1558758777842647042/cS9-S6LH_normal.jpg', 'profileBannerUrl': 'https://pbs.twimg.com/profile_banners/1037956343326420992/1591548811', 'label': None}",2021-01-05 16:40:44+00:00,"‡§Ü‡§™‡§®‡•á ‡§™‡§Ç‡§§‡§ú‡§≤‡•Ä ‡§ï‡§æ ‡§∏‡§ö ‡§Æ‡•á ‡§¨‡§æ‡§Ø‡§ï‡§æ‡§Å‡§ü ‡§ï‡§ø‡§Ø‡§æ ‡§π‡•á..
‡§§‡•ã ‡§∞‡§ø‡§ü‡•ç‡§µ‡•Ä‡§ü ‡§ï‡§∞‡•á....

#Boycott_Patanjali","Nagpur, India",False,2230,2018-09-07 06:50:51+00:00
"{'username': 'Bhavesh33620725', 'id': 1325279364460638209, 'displayname': 'Bhavesh kumar', 'rawDescription': 'Mr. bhavesh Kumar', 'renderedDescription': 'Mr. bhavesh Kumar', 'descriptionLinks': None, 'verified': False, 'created': datetime.datetime(2020, 11, 8, 3, 30, 14, tzinfo=datetime.timezone.utc), 'followersCount': 31, 'friendsCount': 264, 'statusesCount': 182, 'favouritesCount': 95, 'listedCount': 0, 'mediaCount': 58, 'location': '', 'protected': False, 'link': None, 'profileImageUrl': 'https://pbs.twimg.com/profile_images/1325279709932920832/pRj39XjC_normal.jpg', 'profileBannerUrl': None, 'label': None}",2021-01-05 16:40:41+00:00,boycott#Boycott_Patanjali,,False,31,2020-11-08 03:30:14+00:00
"{'username': 'ShababA30664484', 'id': 1227551650354589696, 'displayname': 'SHABAB ALI', 'rawDescription': 'Follower of Ahlebait (a.s.)..\nDream Karbala\nMission Wilayat e Ali & Azadaari e Imam Hussain.\nHastag- #HussainForJustice', 'renderedDescription': 'Follower of Ahlebait (a.s.)..\nDream Karbala\nMission Wilayat e Ali & Azadaari e Imam Hussain.\nHastag- #HussainForJustice', 'descriptionLinks': None, 'verified': False, 'created': datetime.datetime(2020, 2, 12, 11, 15, 10, tzinfo=datetime.timezone.utc), 'followersCount': 179, 'friendsCount': 319, 'statusesCount': 3527, 'favouritesCount': 26420, 'listedCount': 0, 'mediaCount': 387, 'location': 'New Delhi', 'protected': False, 'link': None, 'profileImageUrl': 'https://pbs.twimg.com/profile_images/1227552415592796160/APrM-ySm_normal.jpg', 'profileBannerUrl': 'https://pbs.twimg.com/profile_banners/1227551650354589696/1628965279', 'label': None}",2021-01-05 16:30:56+00:00,"Shalwar wala baba...
Karta hai Dikhawa...

#Boycott_Patanjali",New Delhi,False,179,2020-02-12 11:15:10+00:00
"{'username': 'Virat68403029', 'id': 1037956343326420992, 'displayname': 'Virat wanjari', 'rawDescription': 'indian first...!!!... Social activist...!!!...voice of indians...!!!...\n\n#‡§ú‡§Ø‡§≠‡•Ä‡§Æ\nhttps://t.co/jrquiyNnV3', 'renderedDescription': 'indian first...!!!... Social activist...!!!...voice of indians...!!!...\n\n#‡§ú‡§Ø‡§≠‡•Ä‡§Æ\nyoutube.com/channel/UCkYIX‚Ä¶', 'descriptionLinks': [{'text': 'youtube.com/channel/UCkYIX‚Ä¶', 'url': 'https://youtube.com/channel/UCkYIXsCjXTA7EYwmVTffK4Q', 'tcourl': 'https://t.co/jrquiyNnV3', 'indices': (80, 103)}], 'verified': False, 'created': datetime.datetime(2018, 9, 7, 6, 50, 51, tzinfo=datetime.timezone.utc), 'followersCount': 2230, 'friendsCount': 1591, 'statusesCount': 28921, 'favouritesCount': 36584, 'listedCount': 0, 'mediaCount': 1886, 'location': 'Nagpur, India', 'protected': False, 'link': {'text': 'youtube.com/c/TheMooknayak‚Ä¶', 'url': 'https://youtube.com/c/TheMooknayakhindi', 'tcourl': 'https://t.co/CdJX6YnHlS', 'indices': (0, 23)}, 'profileImageUrl': 'https://pbs.twimg.com/profile_images/1558758777842647042/cS9-S6LH_normal.jpg', 'profileBannerUrl': 'https://pbs.twimg.com/profile_banners/1037956343326420992/1591548811', 'label': None}",2021-01-05 16:25:20+00:00,"‡§µ‡•à‡§ï‡•ç‡§∏‡•Ä‡§® ‡§Ö‡§Æ‡§ø‡§§‡§æ‡§≠ ‡§¨‡§ö‡•ç‡§ö‡§® ‡§ï‡•ã ‡§≤‡§ó‡§®‡§æ ‡§ö‡§æ‡§π‡§ø‡§è...
‡§â‡§∏‡§ï‡§æ ‡§´‡•ã‡§® ‡§™‡§∞ ‡§Ü‡§µ‡§æ‡§ú ‡§∏‡•Å‡§® ‡§∏‡•Å‡§® ‡§ï‡§∞ ‡§™‡§ï ‡§ó‡§Ø‡§æ  ‡§π‡•Ç‡§Å
üò≠üò≠

#Boycott_Patanjali","Nagpur, India",False,2230,2018-09-07 06:50:51+00:00
"{'username': 'Virat68403029', 'id': 1037956343326420992, 'displayname': 'Virat wanjari', 'rawDescription': 'indian first...!!!... Social activist...!!!...voice of indians...!!!...\n\n#‡§ú‡§Ø‡§≠‡•Ä‡§Æ\nhttps://t.co/jrquiyNnV3', 'renderedDescription': 'indian first...!!!... Social activist...!!!...voice of indians...!!!...\n\n#‡§ú‡§Ø‡§≠‡•Ä‡§Æ\nyoutube.com/channel/UCkYIX‚Ä¶', 'descriptionLinks': [{'text': 'youtube.com/channel/UCkYIX‚Ä¶', 'url': 'https://youtube.com/channel/UCkYIXsCjXTA7EYwmVTffK4Q', 'tcourl': 'https://t.co/jrquiyNnV3', 'indices': (80, 103)}], 'verified': False, 'created': datetime.datetime(2018, 9, 7, 6, 50, 51, tzinfo=datetime.timezone.utc), 'followersCount': 2230, 'friendsCount': 1591, 'statusesCount': 28921, 'favouritesCount': 36584, 'listedCount': 0, 'mediaCount': 1886, 'location': 'Nagpur, India', 'protected': False, 'link': {'text': 'youtube.com/c/TheMooknayak‚Ä¶', 'url': 'https://youtube.com/c/TheMooknayakhindi', 'tcourl': 'https://t.co/CdJX6YnHlS', 'indices': (0, 23)}, 'profileImageUrl': 'https://pbs.twimg.com/profile_images/1558758777842647042/cS9-S6LH_normal.jpg', 'profileBannerUrl': 'https://pbs.twimg.com/profile_banners/1037956343326420992/1591548811', 'label': None}",2021-01-05 16:22:34+00:00,"RT ‡§ï‡§∞‡§®‡•á ‡§µ‡§æ‡§≤‡•ã ‡§ï‡•ã Follow ‡§ï‡§∞‡•á ‡•§ ‡•≥‡§ß‡§≠‡§ï‡•ç‡§§ ‡§¶‡•Ç‡•ç‡§∞ ‡§∞‡§π‡•á‡•§

#Boycott_Patanjali","Nagpur, India",False,2230,2018-09-07 06:50:51+00:00
"{'username': 'dnyadav', 'id': 233039234, 'displayname': 'D N Yadav', 'rawDescription': 'Social Activist,Democrate,Secularism\nJustice,Equality', 'renderedDescription': 'Social Activist,Democrate,Secularism\nJustice,Equality', 'descriptionLinks': None, 'verified': False, 'created': datetime.datetime(2011, 1, 2, 3, 17, 39, tzinfo=datetime.timezone.utc), 'followersCount': 19694, 'friendsCount': 5289, 'statusesCount': 435596, 'favouritesCount': 672147, 'listedCount': 14, 'mediaCount': 45488, 'location': 'Amethi India', 'protected': False, 'link': None, 'profileImageUrl': 'https://pbs.twimg.com/profile_images/1583988155002548225/ygnYp_6p_normal.jpg', 'profileBannerUrl': 'https://pbs.twimg.com/profile_banners/233039234/1669550062', 'label': None}",2021-01-05 16:11:58+00:00,"#Boycott_Patanjali
#Boycott_Patanjali
#Boycott_Patanjali
#Boycott_Patanjali
#Boycott_Patanjali
#Boycott_Patanjali
#Boycott_Patanjali
#Boycott_Patanjali
#Boycott_Patanjali
#Boycott_Patanjali",Amethi India,False,19694,2011-01-02 03:17:39+00:00
"{'username': 'dnyadav', 'id': 233039234, 'displayname': 'D N Yadav', 'rawDescription': 'Social Activist,Democrate,Secularism\nJustice,Equality', 'renderedDescription': 'Social Activist,Democrate,Secularism\nJustice,Equality', 'descriptionLinks': None, 'verified': False, 'created': datetime.datetime(2011, 1, 2, 3, 17, 39, tzinfo=datetime.timezone.utc), 'followersCount': 19694, 'friendsCount': 5289, 'statusesCount': 435596, 'favouritesCount': 672147, 'listedCount': 14, 'mediaCount': 45488, 'location': 'Amethi India', 'protected': False, 'link': None, 'profileImageUrl': 'https://pbs.twimg.com/profile_images/1583988155002548225/ygnYp_6p_normal.jpg', 'profileBannerUrl': 'https://pbs.twimg.com/profile_banners/233039234/1669550062', 'label': None}",2021-01-05 16:11:22+00:00,"#Boycott_Patanjali
#Boycott_Patanjali
#Boycott_Patanjali
#Boycott_Patanjali
#Boycott_Patanjali",Amethi India,False,19694,2011-01-02 03:17:39+00:00
"{'username': 'Virat68403029', 'id': 1037956343326420992, 'displayname': 'Virat wanjari', 'rawDescription': 'indian first...!!!... Social activist...!!!...voice of indians...!!!...\n\n#‡§ú‡§Ø‡§≠‡•Ä‡§Æ\nhttps://t.co/jrquiyNnV3', 'renderedDescription': 'indian first...!!!... Social activist...!!!...voice of indians...!!!...\n\n#‡§ú‡§Ø‡§≠‡•Ä‡§Æ\nyoutube.com/channel/UCkYIX‚Ä¶', 'descriptionLinks': [{'text': 'youtube.com/channel/UCkYIX‚Ä¶', 'url': 'https://youtube.com/channel/UCkYIXsCjXTA7EYwmVTffK4Q', 'tcourl': 'https://t.co/jrquiyNnV3', 'indices': (80, 103)}], 'verified': False, 'created': datetime.datetime(2018, 9, 7, 6, 50, 51, tzinfo=datetime.timezone.utc), 'followersCount': 2230, 'friendsCount': 1591, 'statusesCount': 28921, 'favouritesCount': 36584, 'listedCount': 0, 'mediaCount': 1886, 'location': 'Nagpur, India', 'protected': False, 'link': {'text': 'youtube.com/c/TheMooknayak‚Ä¶', 'url': 'https://youtube.com/c/TheMooknayakhindi', 'tcourl': 'https://t.co/CdJX6YnHlS', 'indices': (0, 23)}, 'profileImageUrl': 'https://pbs.twimg.com/profile_images/1558758777842647042/cS9-S6LH_normal.jpg', 'profileBannerUrl': 'https://pbs.twimg.com/profile_banners/1037956343326420992/1591548811', 'label': None}",2021-01-05 16:03:49+00:00,"‡§™‡§π‡§ø‡§≤‡§æ,‡§ï‡•ã‡§∞‡•ã‡§®‡§æ ‡§ü‡•Ä‡§ï‡§æ ‡§∞‡§æ‡§Æ‡§¶‡•á‡§µ ‡§ï‡•ã ‡§≤‡§ó‡§æ‡§®‡§æ ‡§ö‡§æ‡§π‡§ø‡§è,..

#Boycott_Patanjali","Nagpur, India",False,2230,2018-09-07 06:50:51+00:00
"{'username': 'Virat68403029', 'id': 1037956343326420992, 'displayname': 'Virat wanjari', 'rawDescription': 'indian first...!!!... Social activist...!!!...voice of indians...!!!...\n\n#‡§ú‡§Ø‡§≠‡•Ä‡§Æ\nhttps://t.co/jrquiyNnV3', 'renderedDescription': 'indian first...!!!... Social activist...!!!...voice of indians...!!!...\n\n#‡§ú‡§Ø‡§≠‡•Ä‡§Æ\nyoutube.com/channel/UCkYIX‚Ä¶', 'descriptionLinks': [{'text': 'youtube.com/channel/UCkYIX‚Ä¶', 'url': 'https://youtube.com/channel/UCkYIXsCjXTA7EYwmVTffK4Q', 'tcourl': 'https://t.co/jrquiyNnV3', 'indices': (80, 103)}], 'verified': False, 'created': datetime.datetime(2018, 9, 7, 6, 50, 51, tzinfo=datetime.timezone.utc), 'followersCount': 2230, 'friendsCount': 1591, 'statusesCount': 28921, 'favouritesCount': 36584, 'listedCount': 0, 'mediaCount': 1886, 'location': 'Nagpur, India', 'protected': False, 'link': {'text': 'youtube.com/c/TheMooknayak‚Ä¶', 'url': 'https://youtube.com/c/TheMooknayakhindi', 'tcourl': 'https://t.co/CdJX6YnHlS', 'indices': (0, 23)}, 'profileImageUrl': 'https://pbs.twimg.com/profile_images/1558758777842647042/cS9-S6LH_normal.jpg', 'profileBannerUrl': 'https://pbs.twimg.com/profile_banners/1037956343326420992/1591548811', 'label': None}",2021-01-05 15:59:04+00:00,"‡§™‡§Ç‡§§‡§ú‡§≤‡•Ä ‡§ï‡§ø‡§∏‡§æ‡§® ‡§µ‡§ø‡§∞‡•ã‡§ß‡•Ä ‡§π‡•à...,.

#Boycott_Patanjali","Nagpur, India",False,2230,2018-09-07 06:50:51+00:00
"{'username': 'Virat68403029', 'id': 1037956343326420992, 'displayname': 'Virat wanjari', 'rawDescription': 'indian first...!!!... Social activist...!!!...voice of indians...!!!...\n\n#‡§ú‡§Ø‡§≠‡•Ä‡§Æ\nhttps://t.co/jrquiyNnV3', 'renderedDescription': 'indian first...!!!... Social activist...!!!...voice of indians...!!!...\n\n#‡§ú‡§Ø‡§≠‡•Ä‡§Æ\nyoutube.com/channel/UCkYIX‚Ä¶', 'descriptionLinks': [{'text': 'youtube.com/channel/UCkYIX‚Ä¶', 'url': 'https://youtube.com/channel/UCkYIXsCjXTA7EYwmVTffK4Q', 'tcourl': 'https://t.co/jrquiyNnV3', 'indices': (80, 103)}], 'verified': False, 'created': datetime.datetime(2018, 9, 7, 6, 50, 51, tzinfo=datetime.timezone.utc), 'followersCount': 2230, 'friendsCount': 1591, 'statusesCount': 28921, 'favouritesCount': 36584, 'listedCount': 0, 'mediaCount': 1886, 'location': 'Nagpur, India', 'protected': False, 'link': {'text': 'youtube.com/c/TheMooknayak‚Ä¶', 'url': 'https://youtube.com/c/TheMooknayakhindi', 'tcourl': 'https://t.co/CdJX6YnHlS', 'indices': (0, 23)}, 'profileImageUrl': 'https://pbs.twimg.com/profile_images/1558758777842647042/cS9-S6LH_normal.jpg', 'profileBannerUrl': 'https://pbs.twimg.com/profile_banners/1037956343326420992/1591548811', 'label': None}",2021-01-05 15:51:40+00:00,"‡§™‡§Ç‡§§‡§ú‡§≤‡•Ä ‡§ï‡•ã ‡§Ü‡§¶‡§∞‡§æ‡§ú‡§Ç‡§≤‡•Ä ‡§¶‡•á‡§®‡•Ä ‡§ö‡§æ‡§π‡§ø‡§è.!!!

#Boycott_Patanjali","Nagpur, India",False,2230,2018-09-07 06:50:51+00:00
"{'username': 'Yuvaeaj2', 'id': 1337413694473392130, 'displayname': 'Yuvaeaj', 'rawDescription': '', 'renderedDescription': '', 'descriptionLinks': None, 'verified': False, 'created': datetime.datetime(2020, 12, 11, 15, 7, 39, tzinfo=datetime.timezone.utc), 'followersCount': 0, 'friendsCount': 10, 'statusesCount': 246, 'favouritesCount': 0, 'listedCount': 0, 'mediaCount': 166, 'location': '', 'protected': False, 'link': None, 'profileImageUrl': 'https://pbs.twimg.com/profile_images/1337413914829574144/t1jUp3-U_normal.jpg', 'profileBannerUrl': None, 'label': None}",2021-01-05 13:18:45+00:00,@Flipkart #Flipkart @FlikartTeam @flipkart_tech @Let_us_boycott @_Kalyan_K https://t.co/uo8dFw8IaK,,False,0,2020-12-11 15:07:39+00:00
"{'username': 'dnyadav', 'id': 233039234, 'displayname': 'D N Yadav', 'rawDescription': 'Social Activist,Democrate,Secularism\nJustice,Equality', 'renderedDescription': 'Social Activist,Democrate,Secularism\nJustice,Equality', 'descriptionLinks': None, 'verified': False, 'created': datetime.datetime(2011, 1, 2, 3, 17, 39, tzinfo=datetime.timezone.utc), 'followersCount': 19694, 'friendsCount': 5289, 'statusesCount': 435596, 'favouritesCount': 672147, 'listedCount': 14, 'mediaCount': 45488, 'location': 'Amethi India', 'protected': False, 'link': None, 'profileImageUrl': 'https://pbs.twimg.com/profile_images/1583988155002548225/ygnYp_6p_normal.jpg', 'profileBannerUrl': 'https://pbs.twimg.com/profile_banners/233039234/1669550062', 'label': None}",2021-01-05 13:08:18+00:00,"Reliance Store Stopped before formal opening in Jalpaiguri 
#Boycott_Reliance
#Boycott_Adani
#Boycott_Patanjali https://t.co/OsswKwSd5j",Amethi India,False,19694,2011-01-02 03:17:39+00:00
"{'username': 'Virat68403029', 'id': 1037956343326420992, 'displayname': 'Virat wanjari', 'rawDescription': 'indian first...!!!... Social activist...!!!...voice of indians...!!!...\n\n#‡§ú‡§Ø‡§≠‡•Ä‡§Æ\nhttps://t.co/jrquiyNnV3', 'renderedDescription': 'indian first...!!!... Social activist...!!!...voice of indians...!!!...\n\n#‡§ú‡§Ø‡§≠‡•Ä‡§Æ\nyoutube.com/channel/UCkYIX‚Ä¶', 'descriptionLinks': [{'text': 'youtube.com/channel/UCkYIX‚Ä¶', 'url': 'https://youtube.com/channel/UCkYIXsCjXTA7EYwmVTffK4Q', 'tcourl': 'https://t.co/jrquiyNnV3', 'indices': (80, 103)}], 'verified': False, 'created': datetime.datetime(2018, 9, 7, 6, 50, 51, tzinfo=datetime.timezone.utc), 'followersCount': 2230, 'friendsCount': 1591, 'statusesCount': 28921, 'favouritesCount': 36584, 'listedCount': 0, 'mediaCount': 1886, 'location': 'Nagpur, India', 'protected': False, 'link': {'text': 'youtube.com/c/TheMooknayak‚Ä¶', 'url': 'https://youtube.com/c/TheMooknayakhindi', 'tcourl': 'https://t.co/CdJX6YnHlS', 'indices': (0, 23)}, 'profileImageUrl': 'https://pbs.twimg.com/profile_images/1558758777842647042/cS9-S6LH_normal.jpg', 'profileBannerUrl': 'https://pbs.twimg.com/profile_banners/1037956343326420992/1591548811', 'label': None}",2021-01-05 12:22:07+00:00,‡§∏‡§æ‡§≠‡•Ä ‡§ï‡•ã ‡§ï‡§∞‡§®‡§æ ‡§ö‡§æ‡§π‡§ø‡§è..#Boycott_Patanjali,"Nagpur, India",False,2230,2018-09-07 06:50:51+00:00
"{'username': 'sibasisnanda', 'id': 73377149, 'displayname': 'sibasis nanda', 'rawDescription': ""a karyakarta's parody account"", 'renderedDescription': ""a karyakarta's parody account"", 'descriptionLinks': None, 'verified': False, 'created': datetime.datetime(2009, 9, 11, 12, 44, 49, tzinfo=datetime.timezone.utc), 'followersCount': 185, 'friendsCount': 1565, 'statusesCount': 12529, 'favouritesCount': 42367, 'listedCount': 1, 'mediaCount': 43, 'location': 'Earth', 'protected': False, 'link': None, 'profileImageUrl': 'https://pbs.twimg.com/profile_images/1307634847758733313/90SgLjzC_normal.jpg', 'profileBannerUrl': 'https://pbs.twimg.com/profile_banners/73377149/1612585379', 'label': None}",2021-01-05 11:34:29+00:00,"@RDXThinksThat @romdochinchin @DEBKANCHAN @deesha_7 @r_bhaduri @PMOIndia @narendramodi @nstomar @PrakashJavdekar @KWecare @ADB_HQ @myogiadityanath @CMOfficeUP @DrJitendraSingh @PiyushGoyal @rsprasad But we nationalist souls must call and tag @narendramodi ji to cancel the contract to escalate our boycott of China beyond PUBG apps ! 

Hope you will join us sir Mr. @RDXThinksThat here.",Earth,False,185,2009-09-11 12:44:49+00:00
"{'username': 'Yuvaeaj2', 'id': 1337413694473392130, 'displayname': 'Yuvaeaj', 'rawDescription': '', 'renderedDescription': '', 'descriptionLinks': None, 'verified': False, 'created': datetime.datetime(2020, 12, 11, 15, 7, 39, tzinfo=datetime.timezone.utc), 'followersCount': 0, 'friendsCount': 10, 'statusesCount': 246, 'favouritesCount': 0, 'listedCount': 0, 'mediaCount': 166, 'location': '', 'protected': False, 'link': None, 'profileImageUrl': 'https://pbs.twimg.com/profile_images/1337413914829574144/t1jUp3-U_normal.jpg', 'profileBannerUrl': None, 'label': None}",2021-01-05 10:58:45+00:00,@Creativ59795987 @Let_us_boycott @flipkartsupport @Flipkart @FlipkartStories Bro don't buy any items in Flipkart because they sell only d1 or d2 products that  means damage 1 or damage 2,,False,0,2020-12-11 15:07:39+00:00
"{'username': 'ImtiyazIsani', 'id': 1098440728789872640, 'displayname': 'Imtiyaz Isani', 'rawDescription': '', 'renderedDescription': '', 'descriptionLinks': None, 'verified': False, 'created': datetime.datetime(2019, 2, 21, 4, 34, 12, tzinfo=datetime.timezone.utc), 'followersCount': 6, 'friendsCount': 0, 'statusesCount': 654, 'favouritesCount': 67, 'listedCount': 0, 'mediaCount': 97, 'location': '', 'protected': False, 'link': None, 'profileImageUrl': 'https://pbs.twimg.com/profile_images/1556562691585482752/ozlZUfac_normal.jpg', 'profileBannerUrl': None, 'label': None}",2021-01-05 07:56:16+00:00,"@Uber @Uber_Support @Uber_India @UberEats Very sad 2 reveal dat Uber drivers in recent past have started misbehaving wid customers. Their conduct towards customers is highly unethical, unprofessional &amp; danger 2 society. Please boycott Uber for safety &amp; security reasons. Jai hind.",,False,6,2019-02-21 04:34:12+00:00
"{'username': 'PJprabhakarjha', 'id': 2534859217, 'displayname': 'Prabhakar Jha', 'rawDescription': '‡§ï‡§ü‡•ç‡§ü‡§∞ ‡§π‡§ø‡§®‡•ç‡§¶‡•Ç.......üáÆüá≥\n\n‡§≠‡§æ‡§∞‡§§ ‡§Æ‡§æ‡§§‡§æ ‡§ï‡•Ä ‡§ú‡§Ø ‡§π‡•ã üôè', 'renderedDescription': '‡§ï‡§ü‡•ç‡§ü‡§∞ ‡§π‡§ø‡§®‡•ç‡§¶‡•Ç.......üáÆüá≥\n\n‡§≠‡§æ‡§∞‡§§ ‡§Æ‡§æ‡§§‡§æ ‡§ï‡•Ä ‡§ú‡§Ø ‡§π‡•ã üôè', 'descriptionLinks': None, 'verified': False, 'created': datetime.datetime(2014, 5, 30, 11, 10, 41, tzinfo=datetime.timezone.utc), 'followersCount': 15, 'friendsCount': 112, 'statusesCount': 438, 'favouritesCount': 1567, 'listedCount': 0, 'mediaCount': 29, 'location': 'Mumbai, India', 'protected': False, 'link': None, 'profileImageUrl': 'https://pbs.twimg.com/profile_images/1452925742245842946/HccPVQ9o_normal.jpg', 'profileBannerUrl': 'https://pbs.twimg.com/profile_banners/2534859217/1643764694', 'label': None}",2021-01-05 05:26:23+00:00,@PatrickByrne Boycott,"Mumbai, India",False,15,2014-05-30 11:10:41+00:00
"{'username': 'Uddesh_ramteke1', 'id': 1194102645289472000, 'displayname': 'Uddesh_Ramteke', 'rawDescription': 'congress ‚úã\n|Nagpur |\n| Maharashtra |', 'renderedDescription': 'congress ‚úã\n|Nagpur |\n| Maharashtra |', 'descriptionLinks': None, 'verified': False, 'created': datetime.datetime(2019, 11, 12, 4, 6, 46, tzinfo=datetime.timezone.utc), 'followersCount': 1028, 'friendsCount': 1846, 'statusesCount': 7207, 'favouritesCount': 22561, 'listedCount': 0, 'mediaCount': 1126, 'location': 'Nagpur, India', 'protected': False, 'link': {'text': 'instagram.com/u_d_d_e_s_h.__‚Ä¶', 'url': 'https://www.instagram.com/u_d_d_e_s_h.___r_a_m_t_e_k_e?r=', 'tcourl': 'https://t.co/f0zonNNTgx', 'indices': (0, 23)}, 'profileImageUrl': 'https://pbs.twimg.com/profile_images/1606581638745722882/4nIDGik0_normal.jpg', 'profileBannerUrl': 'https://pbs.twimg.com/profile_banners/1194102645289472000/1634636698', 'label': None}",2021-01-04 13:42:53+00:00,@ThePrintIndia Le china - boycott ke apni lumd pe rakhte hai..üòé,"Nagpur, India",False,1028,2019-11-12 04:06:46+00:00
"{'username': 'Uddesh_ramteke1', 'id': 1194102645289472000, 'displayname': 'Uddesh_Ramteke', 'rawDescription': 'congress ‚úã\n|Nagpur |\n| Maharashtra |', 'renderedDescription': 'congress ‚úã\n|Nagpur |\n| Maharashtra |', 'descriptionLinks': None, 'verified': False, 'created': datetime.datetime(2019, 11, 12, 4, 6, 46, tzinfo=datetime.timezone.utc), 'followersCount': 1028, 'friendsCount': 1846, 'statusesCount': 7207, 'favouritesCount': 22561, 'listedCount': 0, 'mediaCount': 1126, 'location': 'Nagpur, India', 'protected': False, 'link': {'text': 'instagram.com/u_d_d_e_s_h.__‚Ä¶', 'url': 'https://www.instagram.com/u_d_d_e_s_h.___r_a_m_t_e_k_e?r=', 'tcourl': 'https://t.co/f0zonNNTgx', 'indices': (0, 23)}, 'profileImageUrl': 'https://pbs.twimg.com/profile_images/1606581638745722882/4nIDGik0_normal.jpg', 'profileBannerUrl': 'https://pbs.twimg.com/profile_banners/1194102645289472000/1634636698', 'label': None}",2021-01-04 13:41:37+00:00,"#BoycottChina
Yee hai tumara boycott krna.ü§£ü§£ü§£.... https://t.co/MBcj3EaDD0","Nagpur, India",False,1028,2019-11-12 04:06:46+00:00
"{'username': 'PratikBhopale', 'id': 984178898, 'displayname': 'pratik bhopale', 'rawDescription': 'Diverse interests, sports ,movies, Persuing career , from Pune (Engineer) \nvisit : https://t.co/YZrwk6CK64', 'renderedDescription': 'Diverse interests, sports ,movies, Persuing career , from Pune (Engineer) \nvisit : cakeat12.in', 'descriptionLinks': [{'text': 'cakeat12.in', 'url': 'http://cakeat12.in', 'tcourl': 'https://t.co/YZrwk6CK64', 'indices': (83, 106)}], 'verified': False, 'created': datetime.datetime(2012, 12, 2, 8, 25, 14, tzinfo=datetime.timezone.utc), 'followersCount': 73, 'friendsCount': 752, 'statusesCount': 3927, 'favouritesCount': 10540, 'listedCount': 8, 'mediaCount': 59, 'location': '', 'protected': False, 'link': None, 'profileImageUrl': 'https://pbs.twimg.com/profile_images/1182288181669978112/VxlwM53k_normal.jpg', 'profileBannerUrl': 'https://pbs.twimg.com/profile_banners/984178898/1472905742', 'label': None}",2021-01-04 13:39:25+00:00,"üá≠üá≤: New movie released,  let's check reviews and then go to theatres.
üáÆüá≥: Twitter pe dekho , Boycott karne bola h kya.

#IndiavsUS
#indiavsamerica",,False,73,2012-12-02 08:25:14+00:00
"{'username': 'minupuri_r', 'id': 881488480164958208, 'displayname': 'Minupuri', 'rawDescription': 'A Father and Grandfather. Retd Bank executive . Pro Modi since 2002. Believes in Sanatana Dharma, culture and traditions of Hindutva. Respect to all religions.', 'renderedDescription': 'A Father and Grandfather. Retd Bank executive . Pro Modi since 2002. Believes in Sanatana Dharma, culture and traditions of Hindutva. Respect to all religions.', 'descriptionLinks': None, 'verified': False, 'created': datetime.datetime(2017, 7, 2, 12, 23, 25, tzinfo=datetime.timezone.utc), 'followersCount': 671, 'friendsCount': 1936, 'statusesCount': 44687, 'favouritesCount': 62671, 'listedCount': 2, 'mediaCount': 130, 'location': ' India', 'protected': False, 'link': None, 'profileImageUrl': 'https://pbs.twimg.com/profile_images/1554354713570996224/zXSYBiUs_normal.jpg', 'profileBannerUrl': None, 'label': None}",2021-01-04 12:43:45+00:00,"BJP should boycott Anchors like @chitraaum if her attitude is so unprofessional to not to allow viewpoints of BJP to reach the viewers. Anyhow the moment I came to know that @sambitswaraj left the debate, I switched to other channel. Even Scientists views were curtailed. @aajtak", India,False,671,2017-07-02 12:23:25+00:00
"{'username': 'drjmnayak', 'id': 2241132932, 'displayname': 'DrJyotirmaya Nayak', 'rawDescription': 'MS,FIAGES,FMAS,DipMAS,Gen & Lap Surgeon,State Chairman IMA-JDN @IMAIndiaOrg, State President @UnitedRDA ,Ex National Jt Sec @NMOBharat,@MeDeVisionOrg', 'renderedDescription': 'MS,FIAGES,FMAS,DipMAS,Gen & Lap Surgeon,State Chairman IMA-JDN @IMAIndiaOrg, State President @UnitedRDA ,Ex National Jt Sec @NMOBharat,@MeDeVisionOrg', 'descriptionLinks': None, 'verified': False, 'created': datetime.datetime(2013, 12, 11, 17, 46, 43, tzinfo=datetime.timezone.utc), 'followersCount': 2608, 'friendsCount': 514, 'statusesCount': 9421, 'favouritesCount': 16484, 'listedCount': 1, 'mediaCount': 1633, 'location': ' Odisha', 'protected': False, 'link': None, 'profileImageUrl': 'https://pbs.twimg.com/profile_images/1286692162139086848/P1FOrRps_normal.jpg', 'profileBannerUrl': 'https://pbs.twimg.com/profile_banners/2241132932/1559503147', 'label': None}",2021-01-04 10:28:41+00:00,"Dear PM Sir,
Plz boycott China farm @PMOIndia @narendramodi @INCIndia #BoycottChina", Odisha,False,2608,2013-12-11 17:46:43+00:00
